ISO,ISO3,ISO-Numeric,fips,Country,Capital,Area(in sq km),country.population,Continent,tld,CurrencyCode,CurrencyName,Phone,Postal Code Format,Postal Code Regex,Languages,geonameid.x,neighbours,EquivalentFipsCode,geonameid.y,asciiname,alternatenames,latitude,longitude,feature class,feature code,cc2,country code_1,admin1 code,admin2 code,admin3 code,admin4 code,city.population,elevation,region,modification date
AD,AND,020,AN,Andorra,Andorra la Vella,468.0,84000,EU,.ad,EUR,Euro,376,AD###,^(?:AD)*(\d{3})$,ca,3041565,"ES,FR",NA,3041563,Andorra la Vella,"ALV,Ando-la-Vyey,Andora,Andora la Vela,Andora la Velja,Andora lja Vehl'ja,Andoro Malnova,Andorra,Andorra Tuan,Andorra a Vella,Andorra la Biella,Andorra la Vella,Andorra la Vielha,Andorra-a-Velha,Andorra-la-Vel'ja,Andorra-la-Vielye,Andorre-la-Vieille,AndÃ²-la-VyÃ¨y,AndÃ²rra la ViÃ¨lha,an dao er cheng,andolalabeya,andwra la fyla,Î‘Î½Î´ÏŒÏÏÎ±,ĞĞ½Ğ´Ğ¾Ñ€Ğ° Ğ»Ğ° Ğ’ĞµĞ»Ñ,ĞĞ½Ğ´Ğ¾Ñ€Ğ° Ğ»Ğ° Ğ’ĞµÑ™Ğ°,ĞĞ½Ğ´Ğ¾Ñ€Ğ° Ğ»Ñ Ğ’ÑĞ»ÑŒÑ,ĞĞ½Ğ´Ğ¾Ñ€Ñ€Ğ°-Ğ»Ğ°-Ğ’ĞµĞ»ÑŒÑ,×× ×“×•×¨×” ×œ×” ×•×•×œ×”,Ø£Ù†Ø¯ÙˆØ±Ø§ Ù„Ø§ ÙÙŠÙ„Ø§,áŠ áŠ•á‹¶áˆ« áˆ‹ á‰¬áˆ‹,ã‚¢ãƒ³ãƒ‰ãƒ©ãƒ»ãƒ©ãƒ»ãƒ´ã‚§ãƒªãƒ£,å®‰é“çˆ¾åŸ,ì•ˆë„ë¼ë¼ë² ì•¼",42.50779,1.52109,P,PPLC,NA,07,NA,NA,NA,20430,NA,1037,Europe,2010-05-30
AE,ARE,784,AE,United Arab Emirates,Abu Dhabi,82880.0,4975593,AS,.ae,AED,Dirham,971,NA,NA,"ar-AE,fa,en,hi,ur",290557,"SA,OM",NA,292968,Abu Dhabi,"A-pu-that-pi,AEbu Saby,AUH,Aboe Dhabi,Abou Dabi,Abu Dabi,Abu Dabis,Abu Daby,Abu Daibi,Abu Dhabi,Abu Dhabi emiraat,Abu Zabi,Abu Zaby,Abu Zabye,Abu Zabyo,Abu á¸Œabi,Abu á¸abi,Abu-Dabi,Abu-Dabi khot,Abu-Dabio,Abu-Dzabi,AbÃº DabÃ­,AbÃº DaibÃ­,AbÃº ZabÃ­,AbÃ» Daby,AbÅ« DabÄ«,AbÅ« ZÌ§aby,AbÅ« ZÌ§abye,AbÅ« ZÌ§abyo,AbÅ« ZÌ§abÄ«,Ampou Ntampi,Ebu Dabi,Ebu Dhabi,Gorad Abu-Dabi,a bu zha bi,abu dhabi,abu-dabi,abudabi,abudhabi,abw zby,abwzby,aputapi,xa bud abi,Ã‚-pu-thaÌt-pÃ­,Ã„bu Saby,Æbu-Dabi,Î†Î¼Ï€Î¿Ï… ÎÏ„Î¬Î¼Ï€Î¹,Î‘Î¼Ï€Î¿Ï… ÎÏ„Î±Î¼Ï€Î¹,Î‘Î¼Ï€Î¿Ï ÎÏ„Î¬Î¼Ï€Î¹,ĞĞ±Ñƒ Ğ”Ğ°Ğ±Ğ¸,ĞĞ±Ñƒ-Ğ”Ğ°Ğ±Ğ¸,ĞĞ±Ñƒ-Ğ”Ğ°Ğ±Ğ¸ Ñ…Ğ¾Ñ‚,ĞĞ±Ñƒ-Ğ”Ğ°Ğ±Ñ–,Ğ“Ğ¾Ñ€Ğ°Ğ´ ĞĞ±Ñƒ-Ğ”Ğ°Ğ±Ñ–,Ó˜Ğ±Ñƒ-Ğ”Ğ°Ğ±Ğ¸,Ô±Õ¢Õ¸Ö‚ Ô´Õ¡Õ¢Õ«,××‘×• ×“××‘×™,Ø£Ø¨ÙˆØ¸Ø¨ÙŠ,Ø¦Û•Ø¨ÙˆÙˆØ²Û•Ø¨ÛŒ,Ø§Ø¨Ùˆ Ø¸Ø¨Ù‰,Ø§Ø¨ÙˆØ¸Ø¨ÛŒ,Ø§Ø¨ÙˆØ¸ÛØ¨ÛŒ,à¤…à¤¬à¥ à¤§à¤¾à¤¬à¥€,à¤…à¤¬à¥‚ à¤§à¤¾à¤¬à¥€,à¦†à¦¬à§à¦§à¦¾à¦¬à¦¿,à¨…à¨¬à©‚ à¨§à¨¾à¨¬à©€,à¬†à¬¬à­à¬§à¬¾à¬¬à¬¿,à®…à®ªà¯à®¤à®¾à®ªà®¿,à²…à²¬à³ à²§à²¾à²¬à²¿,à´…à´¬àµà´¦à´¾à´¬à´¿,à¶…à¶¶à·”à¶©à·à¶¶à·’,à¸­à¸²à¸šà¸¹à¸”à¸²à¸šà¸µ,à½¨à¼‹à½”à½¼à½ à½´à¼‹à½‘à¾·à¼‹à½”à½ºà¼,á€¡á€˜á€°á€’á€«á€˜á€®á€™á€¼á€­á€¯á€·,áƒáƒ‘áƒ£-áƒ“áƒáƒ‘áƒ˜,áŠ á‰¡ á‹³á‰¢,ã‚¢ãƒ–ãƒ€ãƒ“,é˜¿å¸ƒæ‰æ¯”,ì•„ë¶€ë‹¤ë¹„",24.46667,54.36667,P,PPLC,NA,01,NA,NA,NA,603492,NA,6,Asia,2016-06-03
AF,AFG,004,AF,Afghanistan,Kabul,647500.0,29121286,AS,.af,AFN,Afghani,93,NA,NA,"fa-AF,ps,uz-AF,tk",1149361,"TM,CN,IR,TJ,PK,UZ",NA,1138958,Kabul,"Cabool,Caboul,Cabul,Cabul - kabl,Cabul - Ú©Ø§Ø¨Ù„,Cabura,CabÃºl,Caubul,Gorad Kabul,KBL,Kabil,Kaboel,Kabol,Kaboul,Kabul,Kabula,Kabulas,Kabuli,Kabulo,Kabura,KabÃºl,KabÃ»l,Kampoul,Kobul,Kubha,KÃ¡bul,KÃ¢bil,KÄbol,ka bu er,kabl,kabul,kabula,kabuli,kaburu,kabwl,kapul,ke bu er,khabul,ÎšÎ±Î¼Ï€Î¿ÏÎ»,Ğ“Ğ¾Ñ€Ğ°Ğ´ ĞšĞ°Ğ±ÑƒĞ»,ĞšĞ°Ğ±ÑƒĞ»,ĞšĞ¾Ğ±ÑƒĞ»,Õ”Õ¡Õ¢Õ¸Ö‚Õ¬,×§××‘×•×œ,ÙƒØ§Ø¨Ù„,ÙƒØ§Ø¨Û‡Ù„,Ú©Ø§Ø¨Ù„,Ú©Ø§Ø¨ÙˆÙ„,à¤•à¤¾à¤¬à¥à¤²,à¦•à¦¾à¦¬à§à¦²,à¨•à¨¾à¨¬à©à¨²,à¬•à¬¾à¬¬à­à¬²,à®•à®¾à®ªà¯‚à®²à¯,à²•à²¾à²¬à³à²²à³,à´•à´¾à´¬àµ‚àµ¾,à¶šà·à¶¶à·”à¶½à·Š,à¸„à¸²à¸šà¸¹à¸¥,à½à¼‹à½”à½£à¼,à½à¼‹à½”à½´à½£à¼,áƒ¥áƒáƒ‘áƒ£áƒšáƒ˜,áŠ«á‰¡áˆ,á‘á¸á€áŸ’ášá»á„á€á¶á”á¼á›,ã‚«ãƒ–ãƒ¼ãƒ«,ã‚«ãƒ¼ãƒ–ãƒ«,å–€å¸ƒå°”,å–€å¸ƒçˆ¾,ì¹´ë¶ˆ",34.52813,69.17233,P,PPLC,NA,13,NA,NA,NA,3043532,NA,1798,Asia,2014-02-28
AI,AIA,660,AV,Anguilla,The Valley,102.0,13254,NA,.ai,XCD,Dollar,+1-264,NA,NA,en-AI,3573511,NA,NA,3573374,The Valley,"De Balei,El Valle,Gorad Vali,La-Valo,The Valley,Vali,Valis,Valley,Valli,bare,d wly,deobaelli,dy wyly,hwwÊ¼ly,ti velli,vali,wa li,Î”Îµ Î’Î¬Î»ÎµÏŠ,Ğ’Ğ°Ğ»Ğ¸,Ğ’Ğ°Ğ»Ğ»Ğ¸,Ğ’Ğ°Ğ»Ğ»Ñ–,Ğ“Ğ¾Ñ€Ğ°Ğ´ Ğ’Ğ°Ğ»Ñ–,×”×•×•××œ×™,Ø¯ ÙˆÙ„ÛŒ,Ø¯ÛŒ ÙˆÛŒÙ„ÛŒ,à®¤à®¿ à®µà¯‡à®²à¯à®²à®¿,à¹€à¸”à¸­à¸°à¹à¸§à¸¥à¸¥à¸µà¸¢à¹Œ,áƒ•áƒáƒšáƒ˜,ãƒãƒ¬ãƒ¼,ç“¦åˆ©,ë”ë°¸ë¦¬",18.21704,-63.05783,P,PPLC,NA,11205396,NA,NA,NA,2035,7,19,America,2016-07-31
AL,ALB,008,AL,Albania,Tirana,28748.0,2986952,EU,.al,ALL,Lek,355,NA,NA,"sq,el",783754,"MK,GR,ME,RS,XK",NA,3183875,Tirana,"Gorad Tyrana,TIA,Terana,Theranda,Tiorana,TiorÃ¡na,Tiran,Tiran khot,Tiran-a,Tirana,Tiranae,Tirane,Tirano,TiranÃ«,TirÄna,Tyranna,TÃ­rana,TÃ®rana,TÄ—rana,de la na,tilana,tirana,tyrana,tyrnh,Î¤Î¯ÏÎ±Î½Î±,Ğ“Ğ¾Ñ€Ğ°Ğ´ Ğ¢Ñ‹Ñ€Ğ°Ğ½Ğ°,Ğ¢Ğ¸Ñ€Ğ°Ğ½ Ñ…Ğ¾Ñ‚,Ğ¢Ğ¸Ñ€Ğ°Ğ½Ã¦,Ğ¢Ğ¸Ñ€Ğ°Ğ½Ğ°,Ğ¢Ğ¸Ñ€Ğ°Ğ½Ğµ,ÕÕ«Ö€Õ¡Õ¶Õ¡,×˜×™×¨×× ×,×˜×™×¨× ×”,ØªÙ‰Ø±Ø§Ù†Ø§,ØªÙŠØ±Ø§Ù†Ø§,ØªÛŒØ±Ø§Ù†Ø§,à¤¤à¤¿à¤°à¤¾à¤¨à¤¾,à¦¤à¦¿à¦°à¦¾à¦¨à¦¾,à¨¤à¨¿à¨°à¨¾à¨¨à¨¾,à¬Ÿà¬¿à¬°à¬¾à¬¨à¬¾,à®Ÿà®¿à®°à®¾à®©à®¾,à´Ÿà´¿à´±à´¾à´¨,à¸•à¸´à¸£à¸²à¸™à¸²,à½à½²à½¦à¼‹à½¢à½“à¼,áƒ¢áƒ˜áƒ áƒáƒœáƒ,á‰²áˆ«áŠ“,ãƒ†ã‚£ãƒ©ãƒŠ,åœ°æ‹‰é‚£,í‹°ë¼ë‚˜",41.3275,19.81889,P,PPLC,NA,50,NA,NA,NA,374801,NA,113,Europe,2014-09-17
AM,ARM,051,AM,Armenia,Yerevan,29800.0,2968000,AS,.am,AMD,Dram,374,######,^(\d{6})$,hy,174982,"GE,IR,AZ,TR",NA,616052,Yerevan,"Ayrivan,Djerevan,EVN,Eireavan,EireavÃ¡n,Ereban,Ereun,Erevan,Erevan osh,Erevana,Erevano,Erevanum,ErevÃ n,ErevÃ¡n,ErevÄna,Erewan,Erivan,Eriwan,Erywan,ErywaÅ„,Gierevan,Gorad Erehvan,Ierevan,IerevÃ¡n,Iravan,Jerevan,Jerevanas,Jerevani,JerevÃ¡n,Jerewan,Jerjewan,Revan,Yerevan,Yervandavan,YerÃªvan,Yiriwan,YÃ¨rÃ¨van,YÃ©rÃ©van,ayrwan,ereban,erevani,iyerebhana,shhr ayrwan,ye li wen,yeleban,yeravana pranta,yere wan,yerevan,yerevana,yerevhana,yryfan,yrywan,Ãˆrevan,ÃŠrÃ®van,Ä°rÉ™van,Î“Î¹ÎµÏÎµÎ²Î¬Î½,Î•ÏÎµÎ²Î¬Î½,Ğ„Ñ€ĞµĞ²Ğ°Ğ½,ĞˆĞµÑ€ĞµĞ²Ğ°Ğ½,Ğ“Ğ¾Ñ€Ğ°Ğ´ Ğ•Ñ€ÑĞ²Ğ°Ğ½,Ğ•Ñ€ĞµĞ²Ğ°Ğ½,Ğ•Ñ€ĞµĞ²Ğ°Ğ½ Ğ¾Ñˆ,ÔµÖ€Õ¥Õ¾Õ¡Õ¶,ÔµÖ€Ö‡Õ¡Õ¶,×™×¢×¨×¢×•×•××Ÿ,×™×¨×•×•××Ÿ,Ø§ÛŒØ±ÙˆØ§Ù†,Ø´Ù‡Ø± Ø§ÛŒØ±ÙˆØ§Ù†,ÙŠØ±ÙŠÙØ§Ù†,ÙŠÛØ±ÛÛ‹Ø§Ù†,ÛŒØ±ÛŒÙˆØ§Ù†,ÛŒÛ•Ø±ÛŒÚ¤Ø§Ù†,à¤¯à¥‡à¤°à¤µà¤¾à¤¨ à¤ªà¥à¤°à¤¾à¤¨à¥à¤¤,à¤¯à¥‡à¤°à¥‡à¤µà¤¾à¤¨,à¤¯à¥‡à¤°à¥‡à¤µà¥à¤¹à¤¾à¤¨,à¦‡à¦¯à¦¼à§‡à¦°à§‡à¦­à¦¾à¦¨,à®¯à¯†à®°à¯†à®µà®¾à®©à¯,à¹€à¸¢à¹€à¸£à¸§à¸²à¸™,à½¡à½ºà¼‹à½¢à½ºà¼‹à½à½“à¼,áƒ”áƒ áƒ”áƒ•áƒáƒœáƒ˜,á‹¬áˆ¬á‰«áŠ•,ã‚¨ãƒ¬ãƒãƒ³,è‘‰é‡Œæº«,ì˜ˆë ˆë°˜",40.18111,44.51361,P,PPLC,NA,11,NA,NA,NA,1093485,NA,994,Asia,2016-03-10
AO,AGO,024,AO,Angola,Luanda,1246700.0,13068161,AF,.ao,AOA,Kwanza,244,NA,NA,pt-AO,3351879,"CD,NA,ZM,CG",NA,2240449,Luanda,"Gorad Luanda,LAD,Loanda,Louanda,Louanta,Luand,Luanda,Luandae,Luando,Lwanda,LÃºanda,Saint Paul de Loanda,Sao Paolo de Loanda,Sao Paulo da Assuncao de Luanda,Sao Paulo de Loanda,Sao Paulo de Luanda,St Paul de Loanda,SÃ£o Paolo de Loanda,SÃ£o Paulo da AssunÃ§Ã£o de Luanda,SÃ£o Paulo de Loanda,SÃ£o Paulo de Luanda,lu'anda,luanda,luo an da,luvanta,luxanda,luyanda,lwanda,ruanda,Î›Î¿Ï…Î¬Î½Ï„Î±,Ğ“Ğ¾Ñ€Ğ°Ğ´ Ğ›ÑƒĞ°Ğ½Ğ´Ğ°,Ğ›ÑƒĞ°Ğ½Ğ´Ã¦,Ğ›ÑƒĞ°Ğ½Ğ´Ğ°,Ô¼Õ¸Ö‚Õ¡Õ¶Õ¤Õ¡,×œ×•×× ×“×”,×œ×•×× ×“×¢,Ù„ÙˆØ¢Ù†Ø¯Ø§,Ù„ÙˆØ§Ù†Ø¯Ø§,Ù„ÙˆÙ†ÚˆØ§,à¤²à¥à¤†à¤‚à¤¡à¤¾,à¤²à¥à¤†à¤£à¥à¤¡à¤¾,à¦²à§à¦¯à¦¼à¦¾à¦¨à§à¦¡à¦¾,à¨²à©à¨†à¨‚à¨¦à¨¾,à®²à¯à®µà®¾à®£à¯à®Ÿà®¾,à¸¥à¸¹à¸­à¸±à¸™à¸”à¸²,à½£à½ à½´à½“à¼‹à½Œà¼,áƒšáƒ£áƒáƒœáƒ“áƒ,áˆáŠ•á‹³,ãƒ«ã‚¢ãƒ³ãƒ€,ç½—å®‰è¾¾,ë£¨ì•ˆë‹¤",-8.83682,13.23432,P,PPLC,NA,20,NA,NA,NA,2776168,NA,73,Africa,2014-10-08
AR,ARG,032,AR,Argentina,Buenos Aires,2766890.0,41343201,SA,.ar,ARS,Peso,54,@####@@@,"^[A-Z]?\d{4}[A-Z]{0,3}$","es-AR,en,it,de,fr,gn",3865483,"CL,BO,UY,PY,BR",NA,3435910,Buenos Aires,"BUE,Baires,Bonaero,Bonaeropolis,BonaÃ«ropolis,Bos Aires,Bouenos Aires,Bouonezar,BouonÃ©zÃ¢r,Buehnos Ajres,Buehnos-Ajres,Buehnos-Ajres osh,Buenos Aires,Buenos AirÄ—s,Buenos Ajres,Buenos Ayres,Buenos-Aires,Buenos-Ajres,Buenos-Ayres,Buenos-AÃ½res,Buenosairesa,BuÃ©nos AyrÃ©s,Bwenoze,BwÃ¨nozÃ¨,BÃºenos AÃ­res,Ciudad Autonoma de Buenos Aires,Ciudad AutÃ³noma de Buenos Aires,Ciudad de La Santisima Trinidad y Puerto de Santa Maria del Buen Ayre,Ciudad de La SantÃ­sima Trinidad y Puerto de Santa MarÃ­a del Buen Ayre,Gorad Buehnas-Ajrehs,Lungsod ng Buenos Aires,Santa Maria del Buen Ayre,Santa MarÃ­a del Buen Ayre,bawnosxires,bu yi nuo si ai li si,bu'enosa a'iresa,buenos-airesi,buenosaires,buenoseuaileseu,buenosuairesu,buraenosa a'iresa,buyenosa a'iresa,bwyns ayrs,bwynws ayrs,bwynws ayrys,byu'enosa erisa,byunas airis,byunas ayels,bywns ayrs,puvenas airis,ÎœÏ€Î¿Ï…Î­Î½Î¿Ï‚ Î„AÎ¹ÏÎµÏ‚,ÎœÏ€Î¿Ï…Î­Î½Î¿Ï‚ Î†Î¹ÏÎµÏ‚,Ğ‘ÑƒĞµĞ½Ğ¾Ñ ĞĞ¸Ñ€ĞµÑ,Ğ‘ÑƒĞµĞ½Ğ¾Ñ ĞĞ¹Ñ€ĞµÑ,Ğ‘ÑƒĞµĞ½Ğ¾Ñ ĞÑ–Ñ€ĞµÑ,Ğ‘ÑƒĞµĞ½Ğ¾Ñ ĞÑ˜Ñ€ĞµÑ,Ğ‘ÑƒĞµĞ½Ğ¾Ñ-ĞĞ¸Ñ€ĞµÑ,Ğ‘ÑƒĞµĞ½Ğ¾Ñ-ĞĞ¹Ñ€ĞµÑ,Ğ‘ÑƒÑĞ½Ğ¾Ñ ĞĞ¹Ñ€ĞµÑ,Ğ‘ÑƒÑĞ½Ğ¾Ñ-ĞĞ¹Ñ€ĞµÑ,Ğ‘ÑƒÑĞ½Ğ¾Ñ-ĞĞ¹Ñ€ĞµÑ Ğ¾Ñˆ,Ğ“Ğ¾Ñ€Ğ°Ğ´ Ğ‘ÑƒÑĞ½Ğ°Ñ-ĞĞ¹Ñ€ÑÑ,Ô²Õ¸Ö‚Õ¥Õ¶Õ¸Õ½ Ô±ÕµÖ€Õ¥Õ½,×‘×•×× ×•×¡ ××™×™×¨×¡,×‘×•×¢× ××¡ ××™×™×¨×¢×¡,Ø¨ÙˆØ¦Ù†ÙˆØ³ Ø¢ÛŒØ±Ø³,Ø¨ÙˆÙŠÙ†Ø³ Ø¢ÙŠØ±Ø³,Ø¨ÙˆÙŠÙ†ÙˆØ³ Ø§ÙŠØ±ÙŠØ³,Ø¨Û†ÛŒÙ†Ø³ Ø¦Ø§ÛŒØ±Ø³,Ø¨ÛŒÙˆÙ†Ø³ Ø¢Ø¦Ø±Ø³,à¤¬à¥à¤à¤¨à¥‹à¤¸ à¤†à¤‡à¤°à¥‡à¤¸,à¤¬à¥à¤¯à¥à¤à¤¨à¥‰à¤¸ à¤à¤°à¥€à¤¸,à¦¬à§à¦¯à¦¼à§‡à¦¨à§‹à¦¸ à¦†à¦‡à¦°à§‡à¦¸,à¦¬à§à§±à§‡à¦¨à§‹à¦¸ à¦†à¦‡à¦°à§‡à¦¸,à®ªà¯à®µà¯†à®©à®¸à¯ à®à®°à®¿à®¸à¯,à²¬à³à²¯à³‚à²¨à²¸à³ à²à²°à²¿à²¸à³,à´¬àµà´¯àµ‚à´£à´¸àµ à´…à´¯àµ‡à´´àµà´¸àµ,à¸šà¸±à¸§à¹‚à¸™à¸ªà¹„à¸­à¹€à¸£à¸ª,à½”à½´à¼‹à½¨à½ºà¼‹à½“à½¼à¼‹à½¦à½²à¼‹à½¨à½¦à¼‹à½¢à½²à¼‹à½¦à½²à¼,á€—á€»á€°á€”á€­á€¯á€¡á€±á€¸á€›á€­á€…á€ºá€™á€¼á€­á€¯á€·,áƒ‘áƒ£áƒ”áƒœáƒáƒ¡-áƒáƒ˜áƒ áƒ”áƒ¡áƒ˜,á‰¥á‹ŒáŠ–áˆµ áŠ á‹­áˆ¬áˆµ,ãƒ–ã‚¨ãƒã‚¹ã‚¢ã‚¤ãƒ¬ã‚¹,å¸ƒå®œè«¾æ–¯è‰¾åˆ©æ–¯,å¸ƒå®œè¯ºæ–¯è‰¾åˆ©æ–¯,ë¶€ì—ë…¸ìŠ¤ì•„ì´ë ˆìŠ¤",-34.61315,-58.37723,P,PPLC,NA,07,NA,NA,NA,13076300,NA,31,America,2015-06-03
AS,ASM,016,AQ,American Samoa,Pago Pago,199.0,57881,OC,.as,USD,Dollar,+1-684,NA,NA,"en-AS,sm,to",5880801,NA,NA,5881576,Pago Pago,"Gorad Paga-Paga,PPG,Pago Pago,Pago-Pago,PagoPago,Pagopago,PagÃ³ PagÃ³,Panko Panko,Paqo Paqo,baghw baghw,pa guo pa guo,pa ko pa ko,pagopago,pagw pagw,pako pako,pango pango,Î Î¬Î³ÎºÎ¿ Î Î¬Î³ÎºÎ¿,Ğ“Ğ¾Ñ€Ğ°Ğ´ ĞŸĞ°Ğ³Ğ°-ĞŸĞ°Ğ³Ğ°,ĞŸĞ°Ğ³Ğ¾ ĞŸĞ°Ğ³Ğ¾,ĞŸĞ°Ğ³Ğ¾-ĞŸĞ°Ğ³Ğ¾,ĞŸĞ°Ğ³Ğ¾Ğ¿Ğ°Ğ³Ğ¾,ÕŠÕ¡Õ£Õ¸ ÕŠÕ¡Õ£Õ¸,×¤××’×• ×¤××’×•,Ø¨Ø§ØºÙˆ Ø¨Ø§ØºÙˆ,Ù¾Ø§Ú¯Ùˆ Ù¾Ø§Ú¯Ùˆ,à¤ªà¤¾à¤‚à¤—à¥‹ à¤ªà¤¾à¤‚à¤—à¥‹,à®ªà®¾à®•à¯‹ à®ªà®¾à®•à¯‹,à¸›à¸²à¹‚à¸à¸›à¸²à¹‚à¸,áƒáƒáƒ’áƒ-áƒáƒáƒ’áƒ,ãƒ‘ã‚´ãƒ‘ã‚´,å¸•æœå¸•æœ,íŒŒê³ íŒŒê³ ",-14.27806,-170.7025,P,PPLC,NA,010,NA,NA,NA,11500,2,144,Pacific,2011-08-29
AT,AUT,040,AU,Austria,Vienna,83858.0,8205000,EU,.at,EUR,Euro,43,####,^(\d{4})$,"de-AT,hr,hu,sl",2782113,"CH,DE,HU,SK,CZ,IT,SI,LI",NA,2761369,Vienna,"Bec,Bech,Becs,BeÃ§,BeÄ,Bienne,BÃ©cs,Dunaj,VIE,Vena,Viden,Viden',Vieden,ViedeÅˆ,Viena,Vienna,Vienne,Vieno,Viin,Vin,Vinarborg,Vindobona,Viyana,VÃ­deÅˆ,VÃ­n,VÃ­narborg,Wenen,Wieden,WiedeÅ„,Wien,bin,fyyna,weiynna,Î’Î¹Î­Î½Î½Î·,Ğ‘ĞµÑ‡,Ğ’ĞµĞ½Ğ°,Ğ’Ğ¸ĞµĞ½Ğ°,Ğ’Ñ–Ğ´ĞµĞ½ÑŒ,ÙÙŠÙŠÙ†Ø§,à¹€à¸§à¸µà¸¢à¸™à¸™à¸²,á‰ªá‹¨áŠ“,ë¹ˆ",48.20849,16.37208,P,PPLC,NA,09,900,901,NA,1691468,171,193,Europe,2015-07-29
AU,AUS,036,AS,Australia,Canberra,7686850.0,21515754,OC,.au,AUD,Dollar,61,####,^(\d{4})$,en-AU,2077456,NA,NA,2172517,Canberra,"CBR,Camberra,Canberra,Canberrah,Gorad Kanbera,Kamberra,Kambra,Kampera,Kanapera,Kanbera,Kanbero,Kanberr,Kanberra,Kanberrae,Kanberre,KanbÃ©rra,Kham-phi-la,KhÃ¢m-phÃ¬-lÃ ,KÄnapera,kaenbeola,kainabara,kainberra,kan pei la,kanabera,kanbra,kanpara,kenabera,kyanabara,kyanabera,kyanbera,kynbra,kÊ¼anbera,qnbrh,ÎšÎ±Î¼Ï€Î­ÏÎ±,Ğ“Ğ¾Ñ€Ğ°Ğ´ ĞšĞ°Ğ½Ğ±ĞµÑ€Ğ°,ĞšĞ°Ğ½Ğ±ĞµÑ€Ğ°,ĞšĞ°Ğ½Ğ±ĞµÑ€Ñ€Ã¦,ĞšĞ°Ğ½Ğ±ĞµÑ€Ñ€Ğ°,ĞšĞ°Ğ½Ğ±ĞµÑ€Ñ€Ğµ,ĞšĞ°Ğ½Ğ±Ñ”Ñ€Ğ°,Ô¿Õ¡Õ¶Õ¢Õ¥Ö€Ö€Õ¡,×§×× ×‘×¢×¨×,×§× ×‘×¨×”,ÙƒØ§Ù†Ø¨Ø±Ø§,Ú©Ø§Ù†Ø¨Ø±Ø§,Ú©Ø§Ù†Ø¨ÛØ±Ø§,Ú©ÛŒÙ†Ø¨Ø±Ø§,à¤•à¥…à¤¨à¤¬à¥‡à¤°à¤¾,à¤•à¥ˆà¤¨à¤¬à¤°à¤¾,à¤•à¥ˆà¤¨à¥à¤¬à¥‡à¤°à¥à¤°à¤¾,à¤•à¥à¤¯à¤¾à¤¨à¤¬à¤°à¤¾,à¦•à§à¦¯à¦¾à¦¨à¦¬à§‡à¦°à¦¾,à¨•à©ˆà¨¨à¨¬à¨°à¨¾,à¬•à¬¾à¬¨à¬¬à­‡à¬°à¬¾,à®•à®¾à®©à¯à®ªà®°à®¾,à´•à´¾àµ»à´¬à´±,à¶šà·à¶±à·Šà¶¶à¶»à·,à¹à¸„à¸™à¹€à¸šà¸­à¸£à¹Œà¸£à¸²,à½à½“à¼‹à½”à½ºà¼‹à½¢à¼,áƒ™áƒáƒœáƒ‘áƒ”áƒ áƒ,áŠ«áŠ•á‰ áˆ«,ã‚­ãƒ£ãƒ³ãƒ™ãƒ©,ååŸ¹æ‹‰,å ªåŸ¹æ‹‰,ìº”ë²„ë¼",-35.28346,149.12807,P,PPLC,NA,01,NA,NA,NA,367752,NA,571,Australia,2013-06-25
AW,ABW,533,AA,Aruba,Oranjestad,193.0,71566,NA,.aw,AWG,Guilder,297,NA,NA,"nl-AW,es,en",3577279,NA,NA,3577154,Oranjestad,"Gorad Aran'estad,Oran'estad,Oranestad,Oraniestat,Oranjestad,Oranjestad pa Aruba,Oranjestad pÃ¥ Aruba,Oranjestadas,Oranjestade,Oranjestado,Oranjested,OranjestÃªd,ao la nie si ta de,awrnjstad,olanyeseutateu,oraniesutaddo,oraniyecuttatu,oranjestada,xo ran yes tad,ÎŸÏÎ¬Î½Î¹ÎµÏƒÏ„Î±Ï„,Ğ“Ğ¾Ñ€Ğ°Ğ´ ĞÑ€Ğ°Ğ½ÑŒĞµÑÑ‚Ğ°Ğ´,ĞÑ€Ğ°Ğ½ĞµÑÑ‚Ğ°Ğ´,ĞÑ€Ğ°Ğ½ÑŒĞµÑÑ‚Ğ°Ğ´,ĞÑ€Ğ°Ğ½ÑŒÑ”ÑÑ‚Ğ°Ğ´,ĞÑ€Ğ°ÑšĞµÑÑ‚Ğ°Ğ´,××•×¨× ×™×™×¡×˜××“,Ø£ÙˆØ±Ù†Ø¬Ø³ØªØ§Ø¯,Ø§ÙˆØ±Ù†Ø¬Ø³ØªØ§Ø¯,Ø§ÙˆØ±Ù†Ø¬Ø³Ù¹ÛŒÚˆØŒ Ø§Ø±ÙˆØ¨Ø§,à¤“à¤°à¤¾à¤‚à¤œà¥‡à¤¶à¥à¤Ÿà¤¾à¤¡,à®’à®°à®¾à®©à®¿à®¯à¯†à®šà¯à®¤à¯à®¤à®¾à®Ÿà¯,à¹‚à¸­à¸£à¸±à¸™à¹€à¸¢à¸ªà¸•à¸±à¸”,áƒáƒ áƒáƒœáƒ”áƒ¡áƒ¢áƒáƒ“áƒ˜,ã‚ªãƒ©ãƒ‹ã‚¨ã‚¹ã‚¿ãƒƒãƒ‰,å¥¥æ‹‰æ¶…æ–¯å¡”å¾·,ì˜¤ë¼ë…œìŠ¤íƒ€íŠ¸",12.52398,-70.02703,P,PPLC,NA,00,NA,NA,NA,29998,5,22,America,2010-12-07
AX,ALA,248,NA,Aland Islands,Mariehamn,1580.0,26711,EU,.ax,EUR,Euro,+358-18,#####,^(?:FI)*(\d{5})$,sv-AX,661882,NA,FI,3041732,Mariehamn,"MHQ,Maarianhamina,Marianhamina,Mariankhamina,Mariehameena,Mariehamn,Mariekhamn,Mariuhoefn,Mariyekhamn,Marrianhamina,MarÃ­uhÃ¶fn,mariehamun,ĞœĞ°Ñ€Ğ¸ĞµÑ…Ğ°Ğ¼Ğ½,ãƒãƒªã‚¨ãƒãƒ ãƒ³",60.09726,19.93481,P,PPLC,FI,211,478,NA,NA,10682,NA,11,Europe,2015-05-02
AZ,AZE,031,AJ,Azerbaijan,Baku,86600.0,8303512,AS,.az,AZN,Manat,994,AZ ####,^(?:AZ)*(\d{4})$,"az,ru,hy",587116,"GE,IR,AM,TR,RU",NA,587084,Baku,"BAK,Bacu,BacÃº,Baki,Bako,Bakoe,Bakou,Baku,Bakue,Bakuo,Bakuu,Baky,BakÃ³,BakÃº,BakÃ»,BakÃ¼,BakÄ±,Baqu,Boku,Gorad Baku,Mpakou,ba ku,bakku,bako,baku,bakw,bakww,pakku,ÎœÏ€Î±ÎºÎ¿Ï,Ğ‘Ğ°ĞºÑƒ,Ğ‘Ğ°ĞºÑ‹,Ğ‘Ğ°Ò¡Ñ‹,Ğ‘Ğ¾ĞºÑƒ,Ğ“Ğ¾Ñ€Ğ°Ğ´ Ğ‘Ğ°ĞºÑƒ,Ô²Õ¡Ö„Õ¸Ö‚,×‘××§×•,Ø¨Ø§ÙƒÙˆ,Ø¨Ø§Ú©Ùˆ,Ø¨Ø§Ú©ÙˆÙˆ,à¤¬à¤¾à¤•à¥,à¤¬à¤¾à¤•à¥‚,à¦¬à¦¾à¦•à§,à®ªà®¾à®•à¯à®•à¯,à´¬à´•àµà´•àµ,à¸šà¸²à¸à¸¹,à½”à½±à¼‹à½à½²à¼,áƒ‘áƒáƒ¥áƒ,á‰£áŠ©,ãƒã‚¯ãƒ¼,å·´åº“,ë°”ì¿ ",40.37767,49.89201,P,PPLC,NA,09,NA,NA,NA,1116513,NA,-23,Asia,2015-06-03
BA,BIH,070,BK,Bosnia and Herzegovina,Sarajevo,51129.0,4590000,EU,.ba,BAM,Marka,387,#####,^(\d{5})$,"bs,hr-BA,sr-BA",3277605,"HR,ME,RS",NA,3191281,Sarajevo,"Bosna-Sarai,Gorad Saraeva,SJJ,Saarayego,Saireavo,SairÃ©avÃ³,Saraevo,Saraevo osh,Saragebo,Saragiebo,Saragievo,Sarajeva,Sarajevas,Sarajevo,Sarajevs,Sarajevu,SarajevÃ³,Sarajewo,SarajÃ¨vo,Saraxevo,Saraybosna,Sarayevo,Sarayevu,Seraium,Serayevo,Szarajevo,SzarajevÃ³,Vrh Bosna,carayevo,sa la re wo,sai la ye fu,salayebo,saraevo,saraevu~o,sarajyww,sarayavea,sarayebho,sarayevho,sarayevo,sarayewo,sarayh ww,sarayww,sarayyfw,srayyfw,srayyww,sryybw,Î£Î±ÏÎ¬Î³ÎµÎ²Î¿,Î£Î±ÏÎ¬Î³Î¹ÎµÎ²Î¿,Î£Î±ÏÎ±Î³Î¹ÎµÎ²Î¿,Ğ“Ğ¾Ñ€Ğ°Ğ´ Ğ¡Ğ°Ñ€Ğ°ĞµĞ²Ğ°,Ğ¡Ğ°Ñ€Ğ°ĞµĞ²Ğ¾,Ğ¡Ğ°Ñ€Ğ°ĞµĞ²Ğ¾ Ğ¾Ñˆ,Ğ¡Ğ°Ñ€Ğ°Ñ”Ğ²Ğ¾,Ğ¡Ğ°Ñ€Ğ°Ñ˜ĞµĞ²Ğ¾,Ğ¡Ğ°Ñ€Ğ°Ñ¥Ğ²Ğ¾,ÕÕ¡Ö€Õ¡Ö‡Õ¸,×¡××¨××™×¢×•×•×,×¡×¨×™×™×‘×•,Ø³Ø§Ø±Ø§Ø¬ÛŒÙˆÙˆ,Ø³Ø§Ø±Ø§ÙŠÙŠÙÙˆ,Ø³Ø§Ø±Ø§ÙŠÛÛ‹Ùˆ,Ø³Ø§Ø±Ø§ÛŒÙ‡ ÙˆÙˆ,Ø³Ø§Ø±Ø§ÛŒÙˆÙˆ,Ø³Ø§Ø±Ø§ÛŒÛÚ¤Û†,Ø³Ø±Ø§Ø¦ÛŒÙˆÙˆ,Ø³Ø±Ø§ÙŠÙŠÙÙˆ,à¤¸à¤¾à¤°à¤¾à¤¯à¥‡à¤µà¥à¤¹à¥‹,à¦¸à¦¾à¦°à¦¾à¦¯à¦¼à§‡à¦­à§‹,à¨¸à¨¾à¨°à¨¾à¨¯à©‡à¨µà©‹,à®šà®¾à®°à®¯à¯‡à®µà¯‹,à´¸à´°à´¯à´¾à´µàµ‹,à¸‹à¸²à¸£à¸²à¹€à¸¢à¹‚à¸§,à½¦à¼‹à½¢à¼‹à½‡à½²à¼‹à½–à½¼à¼,áƒ¡áƒáƒ áƒáƒ”áƒ•áƒ,áˆ³áˆ«á‹¬á‰®,ã‚µãƒ©ã‚¨ãƒ´ã‚©,å¡æ‹‰è€¶ä½›,è–©æ‹‰ç†±çª©,ì‚¬ë¼ì˜ˆë³´",43.84864,18.35644,P,PPLC,NA,01,3343737,NA,NA,696731,NA,509,Europe,2012-11-15
BB,BRB,052,BB,Barbados,Bridgetown,431.0,285653,NA,.bb,BBD,Dollar,+1-246,BB#####,^(?:BB)*(\d{5})$,en-BB,3374084,NA,NA,3374036,Bridgetown,"BGI,Bridgetown,Bridzhtaun,Bridztaun,Bridztaunas,BridÅ¾taunas,The Bridge Town,beulijitaun,brydj tawn,bu li qi dun,burijjitaun,Ğ‘Ñ€Ğ¸Ğ´Ğ¶Ñ‚Ğ°ÑƒĞ½,Ğ‘Ñ€Ğ¸ÑŸÑ‚Ğ°ÑƒĞ½,×‘×¨×™×“×’'×˜××•×Ÿ,Ø¨Ø±ÙŠØ¯Ø¬ ØªØ§ÙˆÙ†,á‰¥áˆ­áŒ…á‰³á‹áŠ•,ãƒ–ãƒªãƒƒã‚¸ã‚¿ã‚¦ãƒ³,å¸ƒé‡Œå¥‡æ•¦,ë¸Œë¦¬ì§€íƒ€ìš´",13.1,-59.61667,P,PPLC,NA,08,NA,NA,NA,98511,NA,10,America,2012-01-18
BD,BGD,050,BG,Bangladesh,Dhaka,144e3,156118464,AS,.bd,BDT,Taka,880,####,^(\d{4})$,"bn-BD,en",1210997,"MM,IN",NA,1185241,Dhaka,"DAC,Daaka,Daca,Dacca,Dacca - dhaka,Dacca - à¦¢à¦¾à¦•à¦¾,Daka,Dakah,Dakk,Dakka,Dakkae,Dakke,Dako,Deka,Dgaka,Dhaka,DhÃ¡ka,DhÃ¢kÃ¢,DÉ™kkÉ™,Gorad Daka,Mujib City,Ntaka,Ntakka,da ka,daka,dakka,dhaka,dhakka,dka,takka,thaka,ÎÏ„Î¬ÎºÎ±,ÎÏ„Î¬ÎºÎºÎ±,Ğ“Ğ¾Ñ€Ğ°Ğ´ Ğ”Ğ°ĞºĞ°,Ğ”Ğ°Ğ°ĞºĞ°,Ğ”Ğ°ĞºĞ°,Ğ”Ğ°ĞºĞºÃ¦,Ğ”Ğ°ĞºĞºĞ°,Ğ”Ğ°ĞºĞºĞµ,Ğ”Ğ³Ğ°ĞºĞ°,Ô´Õ¡Ö„Ö„Õ¡,×“××§×,×“××§×”,Ø¯Ø§ÙƒØ§,Ø¯Ø§Ú©Ø§,Ø¯ÙƒØ§,ÚˆÚ¾Ø§Ú©Û,Ş‘Ş§Ş†Ş§,à¤¢à¤¾à¤•à¤¾,à¦¢à¦¾à¦•à¦¾,à¨¢à¨¾à¨•à¨¾,àª¢àª¾àª•àª¾,à¬¢à¬¾à¬•à¬¾,à®Ÿà®¾à®•à¯à®•à®¾,à°¢à°¾à°•à°¾,à²¢à²¾à²•à²¾,à´¢à´¾à´•àµà´•,à¶©à¶šà·,à¸˜à¸²à¸à¸²,à½‘à¾·à¼‹à½à¼,á€’á€«á€€á€¬á€™á€¼á€­á€¯á€·,áƒ“áƒáƒ™áƒ,á‹³áŠ«,ãƒ€ãƒƒã‚«,è¾¾å¡,é”å¡,ë‹¤ì¹´",23.7104,90.40744,P,PPLC,NA,81,3026,NA,NA,10356500,NA,23,Asia,2014-10-29
BE,BEL,056,BE,Belgium,Brussels,30510.0,10403000,EU,.be,EUR,Euro,32,####,^(\d{4})$,"nl-BE,fr-BE,de-BE",2802361,"DE,NL,LU,FR",NA,2800866,Brussels,"An Bhruiseil,An BhruisÃ©il,BRU,Breissel,Brisel,Brisele,Briuselis,Brjuksel,Brjusel',Brjussel',Brueksel,Bruessel,Bruesszel,Bruiseal,Bruksel,Bruksela,Brukseli,Brukselo,Brusehl',Brusel,Brusela,Bruselas,Bruseles,Bruselj,Bruselo,BruselÂ·les,Brussel,Brussele,Brussels,BrusselÂ·les,Bruxel,Bruxelas,Bruxellae,Bruxelles,Brwsel,Bryssel,Bryusel,Bryxelles,BrÃ©issel,BrÃ¼ksel,BrÃ¼ssel,BrÃ¼sszel,Citta di Bruxelles,CittÃ  di Bruxelles,City of Brussels,Kota Brusel,beulwisel,braselsa,brassels,briuseli,brwksl,brysl,bu lu sai er,buryusseru,Î’ÏÏ…Î¾Î­Î»Î»ÎµÏ‚,Ğ‘Ñ€Ğ¸ÑĞµĞ»,Ğ‘Ñ€ÑƒÑÑĞ»ÑŒ,Ğ‘Ñ€ÑĞºÑĞµĞ»,Ğ‘Ñ€ÑÑĞµĞ»ÑŒ,Ğ‘Ñ€ÑÑÑĞµĞ»ÑŒ,Ô²Ö€ÕµÕ¸Ö‚Õ½Õ¥Õ¬,×‘×¨×™×¡×œ,Ø¨Ø±ÙˆÙƒØ³Ù„,Ø¨Ø±ÙˆÚ©Ø³Ù„,Ø¨Ø±ÙŠÛ‡Ø³Ø³ÛÙ„,Ü’ÜªÜ˜ÜŸÜ£Ü ,à¤¬à¥à¤°à¤¸à¥‡à¤²à¥à¤¸,à¸šà¸£à¸±à¸ªà¹€à¸‹à¸¥à¸ªà¹Œ,áƒ‘áƒ áƒ˜áƒ£áƒ¡áƒ”áƒšáƒ˜,ãƒ–ãƒªãƒ¥ãƒƒã‚»ãƒ«,å¸ƒé­¯å¡çˆ¾,å¸ƒé²å¡å°”,ë¸Œë¤¼ì…€",50.85045,4.34878,P,PPLC,NA,BRU,BRU,21,21004,1019022,NA,28,Europe,2016-02-14
BF,BFA,854,UV,Burkina Faso,Ouagadougou,274200.0,16241811,AF,.bf,XOF,Franc,226,NA,NA,fr-BF,2361809,"NE,BJ,GH,CI,TG,ML",NA,2357048,Ouagadougou,"Gorad Uagadugu,Huagadugu,OUA,Ouagadouga,Ouagadougou,Ouankantounkou,Ougadougou,Owagadugu,Uagadougou,Uagadugu,Uagaduguo,UagadugÃº,Uaqaduqu,Vagadugu,Wagadugu,awagadwgw,uagadugu,vagadugu,vakatuku,wa jia du gu,wa ka du ku,wagado~ugu,wagadugu,wagadwgw,wagadwwgww,waghadwghw,ÎŸÏ…Î±Î³ÎºÎ±Î½Ï„Î¿Ï…Î³ÎºÎ¿Ï,ÎŸÏ…Î±Î³ÎºÎ±Î½Ï„Î¿ÏÎ³ÎºÎ¿Ï…,Ğ“Ğ¾Ñ€Ğ°Ğ´ Ğ£Ğ°Ğ³Ğ°Ğ´ÑƒĞ³Ñƒ,Ğ£Ğ°Ğ³Ğ°Ğ´ÑƒĞ³Ñƒ,ÕˆÖ‚Õ¡Õ£Õ¡Õ¤Õ¸Ö‚Õ£Õ¸Ö‚,×•××’××“×•×’×•,×•×•××’××“×•×’×•,Ø¢ÙˆØ§Ú¯Ø§Ø¯ÙˆÚ¯Ùˆ,Ø§ÙˆØ¢Ú¯Ø§Ø¯ÙˆÚ¯Ùˆ,Ø§ÙˆÚ¯Ø§ÚˆÙˆÚ¯Ùˆ,ÙˆØ§ØºØ§Ø¯ÙˆØºÙˆ,ÙˆØ§Ú¯Ø§Ø¯ÙˆÙˆÚ¯ÙˆÙˆ,ÙˆØ§Ú¯Ø§Ø¯ÙˆÚ¯Ùˆ,à¤µà¤¾à¤—à¤¾à¤¡à¥à¤—à¥‚,à¨µà¨¾à¨—à¨¾à¨¦à©à¨—à©‚,à®µà®¾à®•à®Ÿà¯‚à®•à¯,à¸§à¸²à¸à¸²à¸”à¸¹à¸à¸¹,à½¨à½¼à¼‹à½ à¼‹à½‚à¼‹à½‘à½¼à½ à½´à¼‹à½‚à½¼à½ à½´à¼,áƒ£áƒáƒ’áƒáƒ“áƒ£áƒ’áƒ£,á‹‹áŒ‹á‹±áŒ‰,ãƒ¯ã‚¬ãƒ‰ã‚¥ã‚°ãƒ¼,ç“¦åŠ æœå¤,ì™€ê°€ë‘êµ¬",12.36566,-1.53388,P,PPLC,NA,03,53,NA,NA,1086505,NA,299,Africa,2015-06-03
BG,BGR,100,BU,Bulgaria,Sofia,110910.0,7148785,EU,.bg,BGN,Lev,359,####,^(\d{4})$,"bg,tr-BG,rom",732800,"MK,GR,RO,TR,RS",NA,727011,Sofia,"Gorad Safija,SOF,Serdica,Sofi,Sofia,Sofiae,Sofie,Sofii,Sofij,Sofija,Sofija osh,Sofijo,Sofio,Sofiya,SofiÃ¤,SofiÃ½a,Sofja,Sofya,SofÃ­a,Soifia,Sophia,Sredets,Suofeje,SuofÄ—jÄ—,Szofia,SzÃ³fia,SÃ²fia,SÃ³fia,SÃ³fÃ­a,SÃ³ifia,Ulpia Serdica,cohviya,saphiya,seaphiya,sofeiy,sofi'a,sofia,sophiya,sopia,suo fei ya,swfya,swfyh,swpyh,Î£ÏŒÏ†Î¹Î±,Ğ“Ğ¾Ñ€Ğ°Ğ´ Ğ¡Ğ°Ñ„Ñ–Ñ,Ğ¡Ğ¾Ñ„Ğ¸,Ğ¡Ğ¾Ñ„Ğ¸Ğ¹,Ğ¡Ğ¾Ñ„Ğ¸Ñ,Ğ¡Ğ¾Ñ„Ğ¸Ñ Ğ¾Ñˆ,Ğ¡Ğ¾Ñ„Ğ¸Ñ˜Ğ°,Ğ¡Ğ¾Ñ„Ñ–Ñ,Ğ¡Ğ¾Ñ„Ñ—ê™—,ÕÕ¸Ö†Õ«Õ¡,×¡××¤×™×¢,×¡×•×¤×™×”,Ø³ÙˆÙÙ‰ÙŠÛ•,Ø³Û†ÙÛŒØ§,ØµÙˆÙÙŠØ§,ØµÙˆÙÛŒÙ‡,ØµÙˆÙÛŒÛ,ØµÙˆÙ™ÙÛŒÛ•,à¤¸à¥‹à¤«à¤¿à¤¯à¤¾,à¦¸à¦«à¦¿à¦¯à¦¼à¦¾,à¨¸à©‹à¨«à¨¼à©€à¨†,à®šà¯‹à®ƒà®µà®¿à®¯à®¾,à´¸àµ‹à´«à´¿à´¯,à¹‚à¸‹à¹€à¸Ÿà¸µà¸¢,à½¦à½¼à¼‹à½§à¾¥à½²à¼‹à½¡à¼,áƒ¡áƒáƒ¤áƒ˜áƒ,áˆ¶áŠá‹«,ã‚½ãƒ•ã‚£ã‚¢,ç´¢è²äº,ì†Œí”¼ì•„,ğƒğ‰ğ†ğŒ¹ğŒ°",42.69751,23.32415,P,PPLC,NA,42,SOF46,NA,NA,1152556,NA,562,Europe,2011-06-16
BH,BHR,048,BA,Bahrain,Manama,665.0,738004,AS,.bh,BHD,Dinar,973,####|###,^(\d{3}\d?)$,"ar-BH,en,fa,ur",290291,NA,NA,290340,Manama,"Al Manama,Al Manamah,Al ManÄma,Al ManÄmah,Al-Manama,Al-Manamah,Al-ManÄmah,Gorad Manama,Maenamae,Manaama,Manam,Manama,Manamae,Manamah,Manameh,Manamo,ManÃ¡ma,ManÄma,Menama,Mename,MÃ¤namÃ¤,WGF,aalmanamat,almnamh,almnamt,mai na ma,mai na mai,manama,mnamh,mnamÛ,ÎœÎ±Î½Î¬Î¼Î±,Ğ“Ğ¾Ñ€Ğ°Ğ´ ĞœĞ°Ğ½Ğ°Ğ¼Ğ°,ĞœĞ°Ğ½Ğ°Ğ¼Ã¦,ĞœĞ°Ğ½Ğ°Ğ¼Ğ°,Õ„Õ¡Õ¶Õ¡Õ´Õ¡,×× ×××”,Ø§Ù„Ù…Ù†Ø§Ù…Ø©,Ø§Ù„Ù…Ù†Ø§Ù…Ù‡,Ø§ÙÙ„Ù’Ù…ÙÙ†ÙØ§Ù…ÙØ©,Ù…Ù†Ø§Ù…Ù‡,Ù…Ù†Ø§Ù…Û,Ù…Û•Ù†Ø§Ù…Û•,à¤®à¤¨à¤¾à¤®à¤¾,à¦®à¦¾à¦¨à¦¾à¦®à¦¾,à¨®à¨¨à¨¾à¨®à¨¾,à¬®à¬¾à¬¨à¬¾à¬®à¬¾,à®®à®©à®¾à®®à®¾,à´®à´¨à´¾à´®,à¸¡à¸²à¸™à¸²à¸¡à¸²,à½˜à¼‹à½“à¼‹à½˜à¼,áƒ›áƒáƒœáƒáƒ›áƒ,áˆ›áŠ“áˆ›,ãƒãƒŠãƒ¼ãƒ,éº¥ç´ç‘ª,éº¦çº³éº¦,ë§ˆë‚˜ë§ˆ",26.22787,50.58565,P,PPLC,NA,16,NA,NA,NA,147074,NA,7,Asia,2016-02-28
BI,BDI,108,BY,Burundi,Bujumbura,27830.0,9863117,AF,.bi,BIF,Franc,257,NA,NA,"fr-BI,rn",433561,"TZ,CD,RW",NA,425378,Bujumbura,"BJM,Boujoumboura,Budzumbura,Bujumbura,Bujumburo,BujumbÃºra,BujÂ·umbura,Buyumbura,Buzhumbura,Buzumbura,BuÄµumburo,BuÅ¼umbura,BuÅ¾umbura,BuÅ¾umbÅ«ra,BÃºjÃºmbÃºra,BÃ»jÃ»mbÃ»ra,Gorad Buzhumbura,Mpouzoumpoura,Usumbura,bajmbwra,bu cum bur a,bu qiong bu la,bu song bu la,bujubura,bujumabura,bujumbula,bujumbura,bujunbura,buzhumbura,bwgwmbwrh,bwjwmbra,bwjwmbwra,pucumpura,ÎœÏ€Î¿Ï…Î¶Î¿Ï…Î¼Ï€Î¿ÏÏÎ±,Ğ‘ÑƒĞ¶ÑƒĞ¼Ğ±ÑƒÑ€Ğ°,Ğ‘ÑƒÑŸÑƒĞ¼Ğ±ÑƒÑ€Ğ°,Ğ‘ÑƒÒ·ÑƒĞ¼Ğ±ÑƒÑ€Ğ°,Ğ“Ğ¾Ñ€Ğ°Ğ´ Ğ‘ÑƒĞ¶ÑƒĞ¼Ğ±ÑƒÑ€Ğ°,Ô²Õ¸Ö‚ÕªÕ¸Ö‚Õ´Õ¢Õ¸Ö‚Ö€Õ¡,×‘×•×’×•××‘×•×¨×”,×‘×•×–×©×•××‘×•×¨×¢,Ø¨Ø§Ø¬Ù…Ø¨ÙˆØ±Ø§,Ø¨ÙˆØ¬ÙˆÙ…Ø¨Ø±Ø§,Ø¨ÙˆØ¬ÙˆÙ…Ø¨ÙˆØ±Ø§,à¤¬à¥à¤œà¥à¤‚à¤¬à¥à¤°à¤¾,à¨¬à©à¨œà©à©°à¨¬à©à¨°à¨¾,à¬¬à­à¬œà­à¬®à¬¬à­à¬°à¬¾,à®ªà¯à®šà¯à®®à¯à®ªà¯à®°à®¾,à¸šà¸¹à¸ˆà¸¸à¸¡à¸šà¸¹à¸£à¸²,à½–à½´à¼‹à½‡à½´à½˜à¼‹à½–à½´à¼‹à½¢à¼,áƒ‘áƒ£áƒŸáƒ£áƒ›áƒ‘áƒ£áƒ áƒ,á‰¡áŒáˆá‰¡áˆ«,ãƒ–ã‚¸ãƒ¥ãƒ³ãƒ–ãƒ©,å¸ƒæ¾å¸ƒæ‹‰,å¸ƒç¼å¸ƒæ‹‰,ë¶€ì¤Œë¶€ë¼",-3.3822,29.3644,P,PPLC,NA,24,NA,NA,NA,331700,NA,805,Africa,2012-01-19
BJ,BEN,204,BN,Benin,Porto-Novo,112620.0,9056010,AF,.bj,XOF,Franc,229,NA,NA,fr-BJ,2395170,"NE,TG,BF,NG",NA,2392087,Porto-Novo,"Borto-Novo,Gorad Porta-Nova,Porto Neuvo,Porto Nobo,Porto Novas,Porto Novo,Porto-Novo,Portonovo,Portus Novus,Poto-Novo,PÃ²rto Neuvo,PÃ²to-Novo,PÃ´rto-Novo,bo duo nuo fu,bo tu nu bu,bwrtw nwfw,poleutonobo,porato-novo,porto-novho,porutonobo,pwrtw nwbw,pwrtw nwww,pxr to-no wo,xin gang,Î ÏŒÏÏ„Î¿ ÎÏŒÎ²Î¿,Î ÏŒÏÏ„Î¿-ÎÏŒÎ²Î¿,Ğ“Ğ¾Ñ€Ğ°Ğ´ ĞŸĞ¾Ñ€Ñ‚Ğ°-ĞĞ¾Ğ²Ğ°,ĞŸĞ¾Ñ€Ñ‚Ğ¾ ĞĞ¾Ğ²Ğ¾,ĞŸĞ¾Ñ€Ñ‚Ğ¾-ĞĞ¾Ğ²Ğ¾,ÕŠÕ¸Ö€Õ¿Õ¸ Õ†Õ¸Õ¾Õ¸,×¤××¨×˜×-× ××•×•×,×¤×•×¨×˜×• × ×•×‘×•,Ø¨ÙˆØ±ØªÙˆ Ù†ÙˆÙÙˆ,Ù¾ÙˆØ±ØªÙˆ Ù†ÙˆÙˆÙˆ,Ù¾ÙˆØ±Ù¹Ùˆ Ù†ÙˆÙˆÙˆ,Ù¾Û†Ø±ØªÛ† Ù†Û†Ú¤Û†,à¤ªà¥‹à¤°à¥à¤¤à¥‹-à¤¨à¥‹à¤µà¥à¤¹à¥‹,à¨ªà©‹à¨°à¨¤à©‹-à¨¨à©‹à¨µà©‹,à¸›à¸­à¸£à¹Œà¹‚à¸•-à¹‚à¸™à¹‚à¸§,à½”à½¼à½¢à¼‹à½Šà½¼à¼‹-à½“à½¼à¼‹à½–à½¼à¼,áƒáƒáƒ áƒ¢áƒ-áƒœáƒáƒ•áƒ,á–áˆ­á‰¶ áŠ–á‰®,ãƒãƒ«ãƒˆãƒãƒœ,æ–°æ¸¯,æ³¢åœ–å¥´åŸ ,æ³¢å¤šè¯ºä¼,í¬ë¥´í† ë…¸ë³´",6.49646,2.60359,P,PPLC,NA,16,NA,NA,NA,234168,NA,20,Africa,2011-03-04
BL,BLM,652,TB,Saint Barthelemy,Gustavia,21.0,8450,NA,.gp,EUR,Euro,590,### ###,NA,fr,3578476,NA,NA,3579132,Gustavia,"Gorad Gustavija,Goustavia,Gustaf,Gustavi,Gustavia,Gustavija,Gustavio,GustÃ¡via,Guthavia,Qustaviya,gustavhiya,gusutabia,gwiseutabia,gwstawya,ju si ta wei ya,ku s ta wi ya,kucutaviya,Î“Î¿Ï…ÏƒÏ„Î±Î²Î¯Î±,Ğ“Ğ¾Ñ€Ğ°Ğ´ Ğ“ÑƒÑÑ‚Ğ°Ğ²Ñ–Ñ,Ğ“ÑƒÑÑ‚Ğ°Ğ²Ğ¸,Ğ“ÑƒÑÑ‚Ğ°Ğ²Ğ¸Ñ,Ğ“ÑƒÑÑ‚Ğ°Ğ²Ğ¸Ñ˜Ğ°,Ğ“ÑƒÑÑ‚Ğ°Ğ²Ñ–Ñ,Ú¯ÙˆØ³ØªØ§ÙˆÛŒØ§,Ú¯ÙˆØ³Ù¹Ø§ÙˆÛŒØ§,à¤—à¥à¤¸à¥à¤¤à¤¾à¤µà¥à¤¹à¤¿à¤¯à¤¾,à®•à¯à®šà¯à®¤à®¾à®µà®¿à®¯à®¾,à¸à¸¸à¸ªà¸•à¸²à¸§à¸µà¸¢à¸²,áƒ’áƒ£áƒ¡áƒ¢áƒáƒ•áƒ˜áƒ,ã‚°ã‚¹ã‚¿ãƒ“ã‚¢,å±…æ–¯å¡”ç»´äºš,ê·€ìŠ¤íƒ€ë¹„ì•„",17.89618,-62.84978,P,PPLC,NA,00,NA,NA,NA,5988,NA,6,America,2009-03-31
BM,BMU,060,BD,Bermuda,Hamilton,53.0,65365,NA,.bm,BMD,Dollar,+1-441,@@ ##,^([A-Z]{2}\d{2})$,"en-BM,pt",3573345,NA,NA,3573197,Hamilton,"BDA,Chamilton,Gamil'ton,Gorad Gamil'tan,Hamilton,Hamilton pa Bermuda,Hamilton pÃ¥ Bermuda,Hamiltonas,Hamiltono,Khamilton,Khamiltun,amiltan,ha mi er dun,haemilteon,hamiruton,hamyltwn,hemiltana,hmyltwn,Î§Î¬Î¼Î¹Î»Ï„Î¿Î½,Ğ“Ğ°Ğ¼Ğ¸Ğ»ÑŒÑ‚Ğ¾Ğ½,Ğ“Ğ°Ğ¼Ñ–Ğ»ÑŒÑ‚Ğ¾Ğ½,Ğ“Ğ¾Ñ€Ğ°Ğ´ Ğ“Ğ°Ğ¼Ñ–Ğ»ÑŒÑ‚Ğ°Ğ½,Ğ¥Ğ°Ğ¼Ğ¸Ğ»Ñ‚Ğ¾Ğ½,Ğ¥Ğ°Ğ¼Ğ¸Ğ»Ñ‚ÑŠĞ½,×”××™×œ×˜×•×Ÿ,Ù‡Ø§Ù…ÙŠÙ„ØªÙˆÙ†,Ù‡Ù…ÛŒÙ„ØªÙˆÙ†,ÛÛŒÙ…Ù„Ù¹Ù†,à¤¹à¥…à¤®à¤¿à¤²à¥à¤Ÿà¤¨,à®†à®®à®¿à®²à¯à®Ÿà®©à¯,à¹à¸®à¸¡à¸´à¸¥à¸•à¸±à¸™,áƒ°áƒáƒ›áƒ˜áƒšáƒ¢áƒáƒœáƒ˜,ãƒãƒŸãƒ«ãƒˆãƒ³,å“ˆå¯†å°”é¡¿,í•´ë°€í„´",32.2949,-64.78303,P,PPLC,NA,03,NA,NA,NA,902,NA,22,Atlantic,2014-09-21
BN,BRN,096,BX,Brunei,Bandar Seri Begawan,5770.0,395027,AS,.bn,BND,Dollar,673,@@####,^([A-Z]{2}\d{4})$,"ms-BN,en-BN",1820814,MY,NA,1820906,Bandar Seri Begawan,"BWN,Banda Seri,Bandar Seri Begauan,Bandar Seri Begavan,Bandar Seri Begavanas,Bandar Seri Begawan,Bandar Sery Begawan,Bandar-Seri-Begavan,Bandar-Seri-Begavano,Bandarseribegavana,Brunei,Brunei Town,Bruni,Gorad Bandar-Sery-Begavan,Mpantar Seri Mpenkaban,badara seri begavana,ban dar se ribe ka wan,bandaleuseulibeugawan,bandar seri bagevan,bandar-seri-begavani,bandara seri bega'oyana,bandara seri begavana,bandara sri bagavana,bandarusuribugawan,bndr sry bgawan,bndr sry bkawan,bndr sry bygwan,pantar ceri pekavan,si li ba jia wan,si li ba jia wan shi,sry bgawan,ÎœÏ€Î±Î½Ï„Î¬Ï Î£ÎµÏÎ¯ ÎœÏ€ÎµÎ³ÎºÎ±Î²Î¬Î½,Ğ‘Ğ°Ğ½Ğ´Ğ°Ñ€ Ğ¡ĞµÑ€Ğ¸ Ğ‘ĞµĞ³Ğ°Ğ²Ğ°Ğ½,Ğ‘Ğ°Ğ½Ğ´Ğ°Ñ€-Ğ¡ĞµÑ€Ğ¸-Ğ‘ĞµĞ³Ğ°Ğ²Ğ°Ğ½,Ğ‘Ğ°Ğ½Ğ´Ğ°Ñ€-Ğ¡ĞµÑ€Ñ–-Ğ‘ĞµĞ³Ğ°Ğ²Ğ°Ğ½,Ğ“Ğ¾Ñ€Ğ°Ğ´ Ğ‘Ğ°Ğ½Ğ´Ğ°Ñ€-Ğ¡ĞµÑ€Ñ‹-Ğ‘ĞµĞ³Ğ°Ğ²Ğ°Ğ½,Ô²Õ¡Õ¶Õ¤Õ¡Ö€ ÕÕ¥Ö€Õ« Ô²Õ¥Õ£Õ¡Õ¾Õ¡Õ¶,×‘× ×“×¨ ×¡×¨×™ ×‘×’×•×•××Ÿ,Ø¨Ø§Ù†Ø¯Ø§Ø± Ø³Û•Ø±Ù‰ Ø¨Û•Ú¯Ø§Û‹Ø§Ù†,Ø¨Ù†Ø¯Ø± Ø³Ø±ÙŠ Ø¨ÙƒØ§ÙˆØ§Ù†,Ø¨Ù†Ø¯Ø± Ø³Ø±ÛŒ Ø¨Ú¯Ø§ÙˆØ§Ù†,Ø¨Ù†Ø¯Ø± Ø³Ø±ÛŒ Ø¨ÛŒÚ¯ÙˆØ§Ù†,Ø¨Û•Ù†Ø¯Û•Ø± Ø³ÛØ±ÛŒ Ø¨ÛÚ¯Ø§ÙˆØ§Ù†,Ø³Ø±ÛŒ Ø¨Ú¯Ø§ÙˆØ§Ù†,à¤¬à¤‚à¤¦à¤° à¤¸à¥à¤°à¥€ à¤¬à¤—à¤µà¤¾à¤¨,à¤¬à¤¨à¥à¤¦à¤° à¤¸à¥‡à¤°à¥€ à¤¬à¥‡à¤—à¤µà¤¾à¤¨,à¤¬à¤¨à¥à¤¦à¤° à¤¸à¥‡à¤°à¥€ à¤¬à¥‡à¤—à¤¾à¤µà¤¾à¤¨,à¦¬à¦¨à§à¦¦à¦° à¦¸à§‡à¦°à¦¿ à¦¬à§‡à¦—à¦¾à¦“à¦¯à¦¼à¦¾à¦¨,à¨¬à©°à¨¦à¨° à¨¸à©‡à¨°à©€ à¨¬à©‡à¨—à¨µà¨¾à¨¨,à®ªà®£à¯à®Ÿà®°à¯ à®šà¯†à®°à®¿ à®ªà¯†à®•à®¾à®µà®¾à®©à¯,à²¬à²‚à²¦à²°à³ à²¸à³†à²°à²¿ à²¬à²—à³†à²µà²¨à³,à´¬à´¨àµà´¦àµ¼ à´¸àµ†à´°à´¿ à´¬àµ†à´—à´µàµ»,à¸šà¸±à¸™à¸”à¸²à¸£à¹Œà¹€à¸ªà¸£à¸µà¹€à¸šà¸à¸²à¸§à¸±à¸™,à½¦à½²à¼‹à½¢à½²à¼‹à½”à½ºà¼‹à½€à¼‹à½˜à½šà½¼à¼‹à½à½´à½‚à½¦à¼‹à½‚à¾²à½¼à½„à¼‹à½à¾±à½ºà½¢à¼,á€˜á€”á€ºá€’á€«á€†á€›á€®á€˜á€‚á€«á€á€™á€ºá€™á€¼á€­á€¯á€·,áƒ‘áƒáƒœáƒ“áƒáƒ -áƒ¡áƒ”áƒ áƒ˜-áƒ‘áƒ”áƒ’áƒáƒ•áƒáƒœáƒ˜,á‰£áŠ•á‹³áˆ­ áˆ°áˆª á‰¤áŒ‹á‹‹áŠ•,ãƒãƒ³ãƒ€ãƒ«ã‚¹ãƒªãƒ–ã‚¬ãƒ¯ãƒ³,æ–¯é‡Œå·´åŠ æ¹¾å¸‚,æ–¯é‡Œå·´åŠ ç£,æ–¯é‡Œå·´åŠ ç£å¸‚,ë°˜ë‹¤ë¥´ìŠ¤ë¦¬ë¸Œê°€ì™„",4.94029,114.94806,P,PPLC,NA,02,NA,NA,NA,64409,NA,16,Asia,2010-05-28
BO,BOL,068,BL,Bolivia,Sucre,1098580.0,9947418,SA,.bo,BOB,Boliviano,591,NA,NA,"es-BO,qu,ay",3923057,"PE,CL,PY,BR,AR",NA,3903987,Sucre,"Chuqichaka,Chuquisaca,Ciudad Sucre,Gorad Sukreh,Ijoloti Sukre,SRE,Sik,Soukre,Sucre,Sucre toertenelmi ovarosa,Sucre tÃ¶rtÃ©nelmi Ã³vÃ¡rosa,Sukre,Sukri,Sukro,SukrÄ—,SÃºkre,su ke lei,su ker,sukare,sukeule,sukre,sukure,swkrh,swkry,swqrh,Î£Î¿ÏÎºÏÎµ,Ğ“Ğ¾Ñ€Ğ°Ğ´ Ğ¡ÑƒĞºÑ€Ñ,Ğ˜Ñ‘Ğ»Ğ¾Ñ‚Ğ¸ Ğ¡ÑƒĞºÑ€Ğµ,Ğ¡ÑƒĞºÑ€Ğµ,ÕÕ¸Ö‚Õ¯Ö€Õ¥,×¡×•×§×¨×”,Ø³ÙˆÙƒØ±ÙŠ,Ø³ÙˆÚ©Ø±Ù‡,Ø³Ú©Ø±Û’,Ø³Û‡ÙƒØ±Û,à¤¸à¥à¤•à¥à¤°à¥‡,à¨¸à©‚à¨•à¨°à©‡,à¸‹à¸¹à¹€à¸à¸£,à½¦à½´à¼‹à½à½´à¼‹à½¢à½ºà¼,áƒ¡áƒ£áƒ™áƒ áƒ”,ã‚¹ã‚¯ãƒ¬,è‹å…‹é›·,è˜‡å…‹é›·,ìˆ˜í¬ë ˆ",-19.03332,-65.26274,P,PPLC,NA,01,NA,NA,NA,224838,NA,2798,America,2010-05-30
BS,BHS,044,BF,Bahamas,Nassau,13940.0,301790,NA,.bs,BSD,Dollar,+1-242,NA,NA,en-BS,3572887,NA,NA,3571824,Nassau,"City of Nassau,Gorad Nasau,NAS,Nasau,Nasauo,NasaÅ­o,Naso,Nassaou,Nassau,Nassau City,Nassau pa Bahamas,Nassau pÃ¥ Bahamas,NasÃ¡u,na sao,nasa'u,nasau,nasaw,nasayw,nasea,naso,nasso,neco,nsaw,ÎÎ±ÏƒÏƒÎ¬Î¿Ï…,Ğ“Ğ¾Ñ€Ğ°Ğ´ ĞĞ°ÑĞ°Ñƒ,ĞĞ°ÑĞ°Ñƒ,ĞĞ°ÑÑĞ°Ñƒ,Õ†Õ¡Õ½Õ¡Õ¸Ö‚,× ×¡××•,Ù†Ø§Ø³Ø§Ø¦Ùˆ,Ù†Ø§Ø³Ø§Ùˆ,Ù†Ø³Ø§Ø¤,à¤¨à¤¾à¤¸à¤¾à¤‰,à¦¨à¦¾à¦¸à¦¾à¦‰,à¨¨à¨¸à¨¾à¨Š,à®¨à¯‡à®šà¯‹,à´¨à´¾à´¸àµ‹,à¹à¸™à¸ªà¸‹à¸­,à½“à¼‹à½¦à½ à½¼à¼,áƒœáƒáƒ¡áƒáƒ£,áŠ“áˆ¶,ãƒŠãƒƒã‚½ãƒ¼,æ‹¿é¨·,æ‹¿éªš,ë‚˜ì†Œ",25.05823,-77.34306,P,PPLC,NA,23,NA,NA,NA,227940,NA,5,America,2010-05-30
BT,BTN,064,BT,Bhutan,Thimphu,47e3,699847,AS,.bt,BTN,Ngultrum,975,NA,NA,dz,1252634,"CN,IN",NA,1252416,Thimphu,"Gorad Tkhimpkhu,Tempu,Thimbu,Thimfou,Thimpago,Thimphou,Thimphu,Thimpu,Timbu,Timbuo,Timfou,Timfu,TimfÃº,Timphu,Timpou (therine) Pounaka (cheimerine),Timpu,TimpÃ»,Tkhimpkhu,TÄ—mpu,thim phu,thimphu,thimpu,thiphu,thymphw,timbu,timphu,timpu,ting bu,tinpu,tymfw,tymfww,tympw,Î˜Î¯Î¼Ï†Î¿Ï…,Î¤Î¹Î¼Ï€Î¿Ï (Î¸ÎµÏÎ¹Î½Î®) Î Î¿Ï…Î½Î¬ÎºÎ± (Ï‡ÎµÎ¹Î¼ÎµÏÎ¹Î½Î®),Ğ“Ğ¾Ñ€Ğ°Ğ´ Ğ¢Ñ…Ñ–Ğ¼Ğ¿Ñ…Ñƒ,Ğ¢Ğ¸Ğ¼Ğ±Ñƒ,Ğ¢Ñ…Ğ¸Ğ¼Ğ¿Ñ…Ñƒ,Ğ¢Ñ…Ñ–Ğ¼Ğ¿Ñ…Ñƒ,Ô¹Õ°Õ«Õ´ÖƒÕ°Õ¸Ö‚,×˜×”×™××¤×”×•,ØªÙ‰Ù…Ù¾Û‡,ØªÙŠÙ…ÙÙˆ,ØªÚ¾Ù…Ù¾Ùˆ,ØªÛŒÙ…ÙÙˆ,ØªÛŒÙ…ÙÙˆÙˆ,ØªÛŒÙ…Ù¾Ùˆ,Ù¹Ú¾Ù…Ù¾Ú¾Ùˆ,à¤¥à¤¿à¤‚à¤«à¥‚,à¤¥à¤¿à¤®à¥à¤ªà¥,à¤¥à¤¿à¤®à¥à¤ªà¥‚,à¤¥à¤¿à¤®à¥à¤«à¥‚,à¦¥à¦¿à¦®à§à¦«à§,à¨¥à¨¿à©°à¨«à©‚,à¬¥à¬¿à¬®à­à¬ªà­,à®¤à®¿à®®à¯à®ªà¯,à°¥à°¿à°‚à°ªà±‚,à²¥à²¿à²‚à²ªà³,à´¤à´¿à´‚à´«àµ,à¶­à·’à¶¸à·Šà¶´à·”,à¸—à¸´à¸¡à¸à¸¹,à½à½²à½˜à¼‹à½•à½´à¼,à½à½²à½˜à¼‹à½•à½´à½´à½´à½´,áƒ—áƒ˜áƒ›áƒ¤áƒ£,áŒ¢áˆáŒ±,ãƒ†ã‚£ãƒ³ãƒ—ãƒ¼,å»·å¸ƒ,íŒ€ë¶€",27.46609,89.64191,P,PPLC,BT,20,NA,NA,NA,98676,2320,2307,Asia,2010-05-30
BW,BWA,072,BC,Botswana,Gaborone,600370.0,2029307,AF,.bw,BWP,Pula,267,NA,NA,"en-BW,tn-BW",933860,"ZW,ZA,NA",NA,933773,Gaborone,"GBE,Gaberones,Gaberones Village,Gaberono,Gaboron,Gaboronas,Gaborone,GaborÃ²n,GaborÃ³ne,Gorad Gabaroneh,IGaborone,Nkamporone,Qaborone,gabolone,gaborone,gaboroni,gabwrwn,gbrwn,gebaroni,goborni,haborone,jabwrwn,jia bai long li,jia bo long li,ka bo rone,kaparoni,Î“ÎºÎ±Î¼Ï€Î¿ÏÏŒÎ½Îµ,Ğ“Ğ°Ğ±Ğ¾Ñ€Ğ¾Ğ½Ğµ,Ğ“Ğ¾Ñ€Ğ°Ğ´ Ğ“Ğ°Ğ±Ğ°Ñ€Ğ¾Ğ½Ñ,Ô³Õ¡Õ¢Õ¸Ö€Õ¸Õ¶Õ¥,×’××‘××¨××Ÿ,×’××‘×•×¨×•×Ÿ,Ø¬Ø§Ø¨ÙˆØ±ÙˆÙ†,Ú¯Ø§Ø¨ÙˆØ±ÙˆÙ†,Ú¯Ø§Ø¨Û†Ø±Û†Ù†,Ú¯Ø¨Ø±ÙˆÙ†,à¤—à¥…à¤¬à¤¾à¤°à¥‹à¤¨à¥€,à¤—à¥‹à¤¬à¥‹à¤°à¥à¤¨à¥€,à¨—à¨¾à¨¬à©‹à¨°à©‹à¨¨à©€,à®•à®¾à®ªà®°à¯‹à®©à®¿,à¸à¸²à¹‚à¸šà¹‚à¸£à¹€à¸™,à½‚à¼‹à½–à½¼à¼‹à½¢à½¼à¼‹à½“à½²à¼,áƒ’áƒáƒ‘áƒáƒ áƒáƒœáƒ”,áŒ‹á‰ áˆ®áŠ”,áŒ‹á‰¦áˆ®áŠ•,ãƒãƒœãƒ­ãƒ¼ãƒ,å˜‰æŸéš†é‡Œ,å˜‰æ³¢éš†é‡Œ,ê°€ë³´ë¡œë„¤",-24.65451,25.90859,P,PPLC,NA,09,NA,NA,NA,208411,NA,1011,Africa,2010-05-30
BY,BLR,112,BO,Belarus,Minsk,207600.0,9685000,EU,.by,BYR,Ruble,375,######,^(\d{6})$,"be,ru",630336,"PL,LT,UA,RU,LV",NA,625144,Minsk,"Gorad Minsk,MSQ,Mins'k,Minsc,Minscum,Minsk,Minsk - Minsk,Minsk - ĞœÑ–Ğ½ÑĞº,Minsk osh,Minska,Minskaj,Minskas,Minsko,Minszk,MiÅ„sk,Myensk,Myenyesk,MÃ®nsk,ming si ke,ming si ke shi,minseukeu,minsk,minsuku,mnsk,mynsk,mynsq,mynysky,ÎœÎ¹Î½ÏƒÎº,Ğ“Ğ¾Ñ€Ğ°Ğ´ ĞœÑ–Ğ½ÑĞº,ĞœĞ¸Ğ½ÑĞº,ĞœĞ¸Ğ½ÑĞº Ğ¾Ñˆ,ĞœĞ¸Ğ½ÑĞºĞ°Ğ¹,ĞœÑ–Ğ½ÑĞº,ĞœÑ–Ğ½ÑÑŒĞº,ĞœÑ£Ğ½ÑŒÑĞºÑŠ,Õ„Õ«Õ¶Õ½Õ¯,××™× ×¡×§,Ù…Ù†Ø³Ú©,Ù…Ù‰Ù†Ù‰Ø³ÙƒÙ‰,Ù…ÙŠÙ†Ø³Ùƒ,Ù…ÛŒÙ†Ø³Ú©,à¤®à¤¿à¤¨à¥â€à¤¸à¥â€à¤•,à®®à®¿à®©à¯à®¸à¯à®•à¯,à²®à²¿à²¨à³à²¸à³à²•à³,à´®à´¿àµ»à´¸àµà´•àµ,à¸¡à¸´à¸™à¸ªà¸à¹Œ,à½˜à½²à½“à¼‹à½¦à½²à½€à¼,áƒ›áƒ˜áƒœáƒ¡áƒ™áƒ˜,ãƒŸãƒ³ã‚¹ã‚¯,æ˜æ–¯å…‹,æ˜æ–¯å…‹å¸‚,ë¯¼ìŠ¤í¬",53.9,27.56667,P,PPLC,NA,04,NA,NA,NA,1742124,NA,222,Europe,2013-11-08
BZ,BLZ,084,BH,Belize,Belmopan,22966.0,314522,NA,.bz,BZD,Dollar,501,NA,NA,"en-BZ,es",3582678,"GT,MX",NA,3582672,Belmopan,"BCV,Bel'mopan,Belmopan,Belmopana,Belmopanas,Belmopano,Belmopanum,BelmopÃ¡n,BelmÃ³pan,BÃ¨lmopan,Gorad Bel'mapan,Hattieville,Mopan,Mpelmopan,bailamopana,bei er mo bang,bei er mo pan,belmopan,belmopana,berumopan,blmwban,blmwpan,blmwpn,bylmwpan,pelmoppan,ÎœÏ€ÎµÎ»Î¼Î¿Ï€Î¬Î½,Ğ‘ĞµĞ»Ğ¼Ğ¾Ğ¿Ğ°Ğ½,Ğ‘ĞµĞ»ÑŒĞ¼Ğ¾Ğ¿Ğ°Ğ½,Ğ“Ğ¾Ñ€Ğ°Ğ´ Ğ‘ĞµĞ»ÑŒĞ¼Ğ°Ğ¿Ğ°Ğ½,Ô²Õ¥Õ¬Õ´Õ¸ÕºÕ¡Õ¶,×‘×œ××•×¤×Ÿ,×‘×¢×œ×××¤××Ÿ,Ø¨Ù„Ù…ÙˆØ¨Ø§Ù†,Ø¨Ù„Ù…ÙˆÙ¾Ø§Ù†,Ø¨ÛŒÙ„Ù…ÙˆÙ¾Ø§Ù†,à¤¬à¥‡à¤²à¥à¤®à¥‹à¤ªà¤¾à¤¨,à¨¬à©ˆà¨²à¨®à©‹à¨ªà¨¾à¨¨,à®ªà¯†à®²à¯à®®à¯‹à®ªà¯à®ªà®¾à®©à¯,à¹€à¸šà¸¥à¹‚à¸¡à¹à¸à¸™,à½”à½ºà½¢à¼‹à½˜à½¼à¼‹à½•à½“à¼,áƒ‘áƒ”áƒšáƒ›áƒáƒáƒáƒœáƒ˜,á‰¤áˆáˆá“áŠ•,ãƒ™ãƒ«ãƒ¢ãƒ‘ãƒ³,è²çˆ¾å¢¨é‚¦,è²çˆ¾è«æ½˜,ë²¨ëª¨íŒ",17.25,-88.76667,P,PPLC,NA,02,NA,NA,NA,13381,NA,71,America,2012-01-18
CA,CAN,124,CA,Canada,Ottawa,9984670.0,33679000,NA,.ca,CAD,Dollar,1,@#@ #@#,^([ABCEGHJKLMNPRSTVXY]\d[ABCEGHJKLMNPRSTVWXYZ]) ?(\d[ABCEGHJKLMNPRSTVWXYZ]\d)$,"en-CA,fr-CA,iu",6251999,US,NA,6094817,Ottawa,"Gorad Atava,Otava,Otavo,Otawa,Ottaba,Ottahua,Ottava,Ottavae,Ottawa,YOW,atawa,atoya,attava,awtawa,otava,otawa,ottava,wo tai hua,xxttawa,ÂŸAAÂ¬Â²Â±,ÎŸÏ„Ï„Î¬Î²Î±,ÎŸÏ„Ï„Î±Î²Î±,Ğ“Ğ¾Ñ€Ğ°Ğ´ ĞÑ‚Ğ°Ğ²Ğ°,ĞÑ‚Ğ°Ğ²Ğ°,ĞÑ‚Ñ‚Ğ°Ğ²Ã¦,ĞÑ‚Ñ‚Ğ°Ğ²Ğ°,Õ•Õ¿Õ¿Õ¡Õ¾Õ¡,××•×˜×•×•×”,××˜××•×•×,Ø£ÙˆØªØ§ÙˆØ§,Ø¦Û†ØªØ§ÙˆØ§,Ø§ØªØ§ÙˆØ§,Ø§ÙˆØªØ¢ÙˆØ¢,Ø§ÙˆÙ¹Ø§ÙˆØ§,Ø§Ù¹Ø§ÙˆÛ,à¤“à¤Ÿà¤¾à¤µà¤¾,à¦…à¦Ÿà§‹à¦¯à¦¼à¦¾,à¨“à¨Ÿà¨¾à¨µà¨¾,à¬“à¬Ÿà¬¾à­±à¬¾,à®’à®Ÿà¯à®Ÿà®¾à®µà®¾,à²†à²Ÿà³à²Ÿà²¾à²µà²¾,à´“à´Ÿàµà´Ÿà´µ,à¸­à¸­à¸•à¸•à¸²à¸§à¸²,à½¨à½¼à¼‹à½à¼‹à½à¼,á€¡á€±á€¬á€·á€á€á€™á€¼á€­á€¯á€·,áƒáƒ¢áƒáƒ•áƒ,áŠ¦á‰³á‹‹,á á”á©,áŠá‘á•š/atavaa,ã‚ªã‚¿ãƒ¯,æ¸¥å¤ªè¯,ì˜¤íƒ€ì™€",45.41117,-75.69812,P,PPLC,NA,08,NA,NA,NA,812129,NA,71,America,2016-01-20
CC,CCK,166,CK,Cocos Islands,West Island,14.0,628,AS,.cc,AUD,Dollar,61,NA,NA,"ms-CC,en",1547376,NA,NA,7304591,West Island,NA,-12.15681,96.82251,P,PPLC,NA,NA,NA,NA,NA,120,NA,12,Indian,2010-08-16
CD,COD,180,CG,Democratic Republic of the Congo,Kinshasa,2345410.0,70916439,AF,.cd,CDF,Franc,243,NA,NA,"fr-CD,ln,kg",203312,"TZ,CF,SS,RW,ZM,BI,UG,CG,AO",NA,2314302,Kinshasa,"FIH,Gorad Kinshasa,Kincasa,Kinchasa,Kinchassa,Kinsas,Kinsasa,Kinsaso,Kinshasa,Kinshase,Kinsjasa,Kinszasa,KinsÃ¡sÃ¡,Kinxasa,KinÅaso,KinÅŸasa,KinÅ¡as,KinÅ¡asa,KÃ®nÅŸasa,Leopoldstad,Leopoldville,LÃ©opoldville,jin sha sa,jin xia sha,kin cha sa,kinasasa,kinsaca,kinsasa,kinshasa,kinsyasa,knshasa,kynshasa,ÎšÎ¹Î½ÏƒÎ¬ÏƒÎ±,Ğ“Ğ¾Ñ€Ğ°Ğ´ ĞšÑ–Ğ½ÑˆĞ°ÑĞ°,ĞšĞ¸Ğ½ÑˆĞ°ÑĞ°,ĞšĞ¸Ğ½ÑˆĞ°ÑĞµ,ĞšÑ–Ğ½ÑˆĞ°ÑĞ°,Ô¿Õ«Õ¶Õ·Õ¡Õ½Õ¡,×§×™× ×©××–×¢,×§×™× ×©××¡×”,ÙƒÙŠÙ†Ø´Ø§Ø³Ø§,Ú©Ù†Ø´Ø§Ø³Ø§,Ú©Ù†Ø´Ø§Ø³Û,Ú©ÛŒÙ†Ø´Ø§Ø³Ø§,à¤•à¤¿à¤¨à¥à¤¶à¤¾à¤¸à¤¾,à¨•à¨¿à¨¨à¨¸à¨¼à¨¾à¨¸à¨¾,à®•à®¿à®©à¯à®·à®¾à®šà®¾,à´•à´¿àµ»à´·à´¸,à¸à¸´à¸™à¸Šà¸²à¸‹à¸²,à½€à½²à½“à¼‹à½¤à¼‹à½¦à¼,á€€á€„á€ºá€›á€¾á€¬á€†á€¬á€™á€¼á€­á€¯á€·,áƒ™áƒ˜áƒœáƒ¨áƒáƒ¡áƒ,áŠªáŠ•áˆ»áˆ³,ã‚­ãƒ³ã‚·ãƒ£ã‚µ,é‡‘å¤æ²™,é‡‘æ²™è–©,í‚¨ìƒ¤ì‚¬",-4.32758,15.31357,P,PPLC,NA,06,NA,NA,NA,7785965,NA,281,Africa,2014-02-10
CF,CAF,140,CT,Central African Republic,Bangui,622984.0,4844927,AF,.cf,XAF,Franc,236,NA,NA,"fr-CF,sg,ln,kg",239880,"TD,SD,CD,SS,CM,CG",NA,2389853,Bangui,"BGF,Bangi,Bangis,Bangui,Mpan'nkoui,ban ji,bang-gi,bangi,bangwyy,ÎœÏ€Î±Î½Î³ÎºÎ¿Ï…Î¯,Ğ‘Ğ°Ğ½Ğ³Ğ¸,Ğ‘Ğ°Ğ½Ğ³Ñ–,×‘× ×’×•××™,Ø¨Ø§Ù†Ú¯ÙˆØ¦ÛŒ,á‰£áŠ•áŒŠ,ãƒãƒ³ã‚®,ç­åŸº,ë°©ê¸°",4.36122,18.55496,P,PPLC,NA,18,7731897,NA,NA,542393,NA,351,Africa,2016-06-22
CG,COG,178,CF,Republic of the Congo,Brazzaville,342e3,3039126,AF,.cg,XAF,Franc,242,NA,NA,"fr-CG,kg,ln-CG",2260494,"CF,GA,CD,CM,AO",NA,2260535,Brazzaville,"BZV,Braza,Brazavil,Brazavilis,Brazavilo,Brazzavil',Brazzaville,Maya-Maya,Mprazabil,N'Tamo,beulajabil,brazafyl,brazawyl,brzwwyl,bu la chai wei er,burazavu~iru,ÎœÏ€ÏÎ±Î¶Î±Î²Î¯Î»,Ğ‘Ñ€Ğ°Ğ·Ğ·Ğ°Ğ²Ğ¸Ğ»ÑŒ,×‘×¨×–×•×•×™×œ,Ø¨Ø±Ø§Ø²Ø§ÙÙŠÙ„,Ø¨Ø±Ø§Ø²Ø§ÙˆÛŒÙ„,á‰¥áˆ«á‹›á‰ªáˆ,ãƒ–ãƒ©ã‚¶ãƒ´ã‚£ãƒ«,å¸ƒæ‹‰æŸ´ç»´å°”,ë¸Œë¼ìë¹Œ",-4.26613,15.28318,P,PPLC,NA,12,NA,NA,NA,1284609,NA,284,Africa,2012-04-25
CH,CHE,756,SZ,Switzerland,Bern,41290.0,7581000,EU,.ch,CHF,Franc,41,####,^(\d{4})$,"de-CH,fr-CH,it-CH,rm",2658434,"DE,IT,LI,FR,AT",NA,2661552,Bern,"BRN,Bann,Beirn,Ben,Bern,Bern osh,Berna,Bernas,Berne,Berno,Bundesstadt,BÃ¨n,BÃ¨rna,Gorad Bern,atharvaveda,ban he na,barana,barna,beirn,beleun,berna,berni,berun,bo en,bo er ni,brn,byrn,pern,Î’Î­ÏÎ½Î·,Ğ‘ĞµÑ€Ğ½,Ğ‘ĞµÑ€Ğ½ Ğ¾Ñˆ,Ğ“Ğ¾Ñ€Ğ°Ğ´ Ğ‘ĞµÑ€Ğ½,Ô²Õ¥Õ¼Õ¶,×‘×¢×¨×Ÿ,×‘×¨×Ÿ,Ø¨Ø±Ù†,Ø¨ÙŠØ±Ù†,Ø¨ÛØ±Ù†,Ø¨ÛØ±Ù†,Ü’ÜªÜ¢,à¤…à¤¥à¤°à¥à¤µà¤µà¥‡à¤¦,à¤¬à¤°à¥à¤¨,à¦¬à§‡à¦°à§à¦¨,à¨¬à¨°à¨¨,à¬¬à¬°à­à¬¨,à®ªà¯‡à®°à¯à®©à¯,à´¬àµ‡àµº,à¹€à¸šà¸´à¸£à¹Œà¸™,à½”à½ºà½¢à¼‹à½“à½ºà¼,áƒ‘áƒ”áƒ áƒœáƒ˜,á‰¤áˆ­áŠ•,ãƒ™ãƒ«ãƒ³,ä¼¯å°”å°¼,ä¼¯æ©,åŠåˆçº³,ë² ë¥¸",46.94809,7.44744,P,PPLC,NA,BE,246,351,NA,121631,NA,549,Europe,2013-11-08
CI,CIV,384,IV,Ivory Coast,Yamoussoukro,322460.0,21058798,AF,.ci,XOF,Franc,225,NA,NA,fr-CI,2287781,"LR,GH,GN,BF,ML",NA,2279755,Yamoussoukro,"ASK,Giamoussoukro,Gorad Jamusukra,Jamusukras,Jamusukro,Jamusukro khot,Yamosukro,Yamousoukro,Yamoussokro,Yamoussoukro,Yamoussoukrou,Yamussukro,Yamusukro,ya mu su ke lei,ya mu su ke luo,ya mussu kor,yamucukro,yamusasutro,yamusukaro,yamusukeulo,yamusukro,yamusukuro,yamwsswkrw,yamwswkrw,yamwwswwkrÛ†,ywmwswkrw,Î“Î¹Î±Î¼Î¿Ï…ÏƒÏƒÎ¿ÏÎºÏÎ¿,ĞˆĞ°Ğ¼ÑƒÑÑƒĞºÑ€Ğ¾,Ğ“Ğ¾Ñ€Ğ°Ğ´ Ğ¯Ğ¼ÑƒÑÑƒĞºÑ€Ğ°,Ğ¯Ğ¼ÑƒÑÑƒĞºÑ€Ğ¾,Ğ¯Ğ¼ÑƒÑÑƒĞºÑ€Ğ¾ Ñ…Ğ¾Ñ‚,Õ…Õ¡Õ´Õ¸Ö‚Õ½Õ¸Ö‚Õ¯Ö€Õ¸,×™×××•×¡××§×¨×,×™×××•×¡×•×§×¨×•,ÙŠØ§Ù…ÙˆØ³ÙˆÙƒØ±Ùˆ,ÙŠØ§Ù…Û‡Ø³Ø³Û‡ÙƒØ±Ùˆ,ÛŒØ§Ù…ÙˆØ³Ø³ÙˆÚ©Ø±Ùˆ,ÛŒØ§Ù…ÙˆØ³ÙˆÚ©Ø±Ùˆ,ÛŒØ§Ù…ÙˆÙˆØ³ÙˆÙˆÚ©Ø±Û†,ÛŒÙˆÙ…ÙˆØ³ÙˆÚ©Ø±Ùˆ,à¤¯à¤¾à¤®à¥‚à¤¸à¥‚à¤•à¥à¤°à¥‹,à¨¯à¨¾à¨®à©‚à¨¸à©‚à¨•à¨°à©‹,à­Ÿà¬¾à¬®à­à¬¸à¬¸à­à¬¤à­à¬°à­‹,à®¯à®¾à®®à¯‚à®šà¯‚à®•à¯à®°à¯‹,à¸¢à¸²à¸¡à¸¸à¸ªà¸‹à¸¸à¹‚à¸à¸£,à½¡à½˜à¼‹à½¦à½¼à¼‹à½à½ºà¼‹à½¢à½¼à¼,áƒ˜áƒáƒ›áƒ£áƒ¡áƒ£áƒ™áƒ áƒ,á‹«áˆ™áˆ±áŠ­áˆ®,ãƒ¤ãƒ ã‚¹ã‚¯ãƒ­,äºšç©†è‹å…‹ç½—,é›…ç©†è˜‡å…‹é›·,ì•¼ë¬´ìˆ˜í¬ë¡œ",6.82055,-5.27674,P,PPLC,NA,81,NA,NA,NA,194530,NA,214,Africa,2012-01-17
CK,COK,184,CW,Cook Islands,Avarua,240.0,21388,OC,.ck,NZD,Dollar,682,NA,NA,"en-CK,mi",1899402,NA,NA,4035715,Avarua,"Avaroua,Avarua,Avaruo,AvarÃºa,Gorad Avarua,RAR,a wa lu a,abalua,abarua,avarua,avaruva,avharu'a,awarwa,awarya,xa wa raw,Î‘Î²Î±ÏÎ¿ÏÎ±,ĞĞ²Ğ°Ñ€ÑƒĞ°,Ğ“Ğ¾Ñ€Ğ°Ğ´ ĞĞ²Ğ°Ñ€ÑƒĞ°,Ô±Õ¾Õ¡Ö€Õ¸Ö‚Õ¡,××•×•×¨×•××”,Ø¢ÙˆØ§Ø±ÙˆØ¢,Ø¢ÙˆØ§Ø±ÛŒØ§,à¤…à¤µà¥à¤¹à¤¾à¤°à¥à¤†,à®…à®µà®¾à®°à¯à®µà®¾,à¸­à¸°à¸§à¸²à¸£à¸±à¸§,à½¨à¼‹à½à¼‹à½¢à½´à¼‹à½¨à¼,áƒáƒ•áƒáƒ áƒ£áƒ,ã‚¢ãƒãƒ«ã‚¢,é˜¿ç“¦é²é˜¿,ì•„ë°”ë£¨ì•„",-21.20778,-159.775,P,PPLC,NA,00,NA,NA,NA,13373,NA,6,Pacific,2012-01-18
CL,CHL,152,CI,Chile,Santiago,756950.0,16746491,SA,.cl,CLP,Peso,56,#######,^(\d{7})$,es-CL,3895114,"PE,BO,AR",NA,3871336,Santiago,"Ciles Santjagas,CiudadSantiago,SCL,Sanctiacobi,Sant'jago,Santiago,Santiago de Chile,Santiago de Xile,Santiago del Cile,Santiago do Chile,Santiago du Chili,Santiago du ChÂ·ili,Santianko,Santjago,Santjago de Chile,Santjago de Chili,Stgo.,santiago,santixako,santyaghw,santyagw,santyyagw,sheng de ya ge,ÄŒilÄ—s Santjagas,Î£Î±Î½Ï„Î¹Î¬Î³ÎºÎ¿,Î£Î±Î½Ï„Î¹Î¬Î³Î¿,Ğ¡Ğ°Ğ½Ñ‚ÑŒÑĞ³Ğ¾,Ğ¡Ğ°Ğ½Ñ‚ÑĞ³Ğ¾ Ğ´Ğµ Ğ§Ğ¸Ğ»Ğµ,Ğ¡Ğ°Ğ½Ñ‚ÑĞ³Ğ¾ Ğ´Ğµ Ğ§Ğ¸Ğ»Ğ¸,×¡× ×˜×™××’×• ×“×” ×¦'×™×œ×”,Ø³Ø§Ù†ØªÙ‰ÙŠØ§Ú¯Ùˆ,Ø³Ø§Ù†ØªÙŠØ§ØºÙˆ,Ø³Ø§Ù†ØªÛŒØ§Ú¯Ùˆ,à¸‹à¸±à¸™à¸•à¸´à¸­à¸²à¹‚à¸,áƒ¡áƒáƒœáƒ¢áƒ˜áƒáƒ’áƒ áƒ“áƒ” áƒ©áƒ˜áƒšáƒ”,áˆ³áŠ•á‰²á‹«áŒ,ã‚µãƒ³ãƒ†ã‚£ã‚¢ã‚´,åœ£åœ°äºšå“¥,ì‚°í‹°ì•„ê³ ",-33.45694,-70.64827,P,PPLC,NA,12,131,13101,NA,4837295,NA,556,America,2016-07-05
CN,CHN,156,CH,China,Beijing,9596960.0,1330044000,AS,.cn,CNY,Yuan Renminbi,86,######,^(\d{6})$,"zh-CN,yue,wuu,dta,ug,za",1814991,"LA,BT,TJ,KZ,MN,AF,NP,MM,KG,PK,KP,RU,VN,IN",NA,1816670,Beijing,"BJS,Bac Kinh,Baek-ging,Baekging,Behehzhin,Beijing,Beijing Shi,Beising,Beixin,BeixÃ­n,Bejdzing,BejdÅ¼ing,Bejing,Beyjing,BeÈcinÈ,BÃ¡eÌ¤k-gÄ­ng,BÃ©ising,Báº¯c Kinh,Gorad Pekin,Pechin,Pechino,Pechinu,Pechinum,Pecinum,Pei-ching,Pei-ching-shih,Pei-p'ing,Pei-p'ing-shih,Peken,Pekin,Pekin',Pekina,Pekinas,Peking,Pekini,Pekino,PekÃ­n,PekÃ®n,Peping,Pequim,Pequin,PequÃ­n,Pet-kin,Pet-kÃ®n,Peycing,Pikkin,PÃ¨quin,PÃ©kin,PÃ©qÃ¹in,PÃ©ycing,be'ijim,be'ijina,be'ijinga,bei jing,bei jing shi,beidjin,beijing si,bijiga,bijing,bijinga,bkyn,buggyeong,byjng,bykyn,byyg'yng,byyzsyng,pakking,peyjin,pkn,Î ÎµÎºÎ¯Î½Î¿,Ğ‘ĞµĞ¹Ğ¶Ñ–Ò£,Ğ‘ÑÑĞ¶Ğ¸Ğ½,Ğ‘Ó™Ó™Ò—Ò£ Ğ±Ğ°Ğ»Ò»ÑĞ½,Ğ“Ğ¾Ñ€Ğ°Ğ´ ĞŸĞµĞºÑ–Ğ½,ĞŸĞµĞºĞ¸Ğ½,ĞŸĞµĞºĞ¸Ğ½Ğ³,ĞŸĞµĞºÑ–Ğ½,ĞŸĞµĞºÑ–Ğ½Ò‘,ÕŠÕ¥Õ¯Õ«Õ¶,×‘×™×™×’'×™× ×’,×‘×™×™×–×©×™× ×’,Ø¨ÙƒÙŠÙ†,Ø¨ÙŠÙƒÙŠÙ†,Ø¨ÛŒØ¬Ù†Ú¯,Ø¨ÛØ¬ÛŒÙ†Ú«,Ø¨ÛÙŠØ¬Ù‰Ú­,Ø¨ÛÙŠØ¬Ù‰Ú­ Ø´Û•Ú¾Ù‰Ø±Ù‰,Ù¾Ú©Ù†,Ù¾ÛÚ©Û•Ù†,Ş„Ş©Ş–Ş¨Ş‚Ş°Ş,à¤¬à¥€à¤œà¤¿à¤‚à¤—,à¤¬à¥‡à¤‡à¤œà¤¿à¤™,à¦¬à§‡à¦‡à¦œà¦¿à¦‚,à¨¬à©€à¨œà¨¿à©°à¨—,àª¬à«‡àª‡àªœàª¿àª‚àª—,à®ªà¯†à®¯à¯à®œà®¿à®™à¯,à°¬à±€à°œà°¿à°‚à°—à±,à²¬à³€à²œà²¿à²‚à²—à³,à´¬àµ†à´¯àµâ€Œà´œà´¿à´™àµà´™àµâ€Œ,à¶¶à·™à¶ºà·’à¶¢à·’à¶‚,à¸›à¸±à¸à¸à¸´à¹ˆà¸‡,à½”à½ºà¼‹à½…à½²à½„à¼‹à½‚à¾²à½¼à½„à¼‹à½à¾±à½ºà½¢à¼,á€•á€±á€€á€»á€„á€ºá€¸á€™á€¼á€­á€¯á€·,áƒáƒ”áƒ™áƒ˜áƒœáƒ˜,á‰¤á‹ªáŒ‚áŠ•áŒ,á”áŸ‰áŸá€á¶áŸ†á„,åŒ—äº¬,åŒ—äº¬å¸‚,ë² ì´ì§• ì‹œ,ë¶ê²½",39.9075,116.39723,P,PPLC,NA,22,NA,NA,NA,11716620,NA,49,Asia,2015-06-03
CU,CUB,192,CU,Cuba,Havana,110860.0,11423000,NA,.cu,CUP,Peso,53,CP #####,^(?:CP)*(\d{5})$,es-CU,3562981,US,NA,3553478,Havana,"A Habana,Abana,Gavana,Gavanae,Gavane,Gorad Gavana,HAV,Habana,Hafana,Hahvaxnaz,Havan,Havana,Havanna,Havano,Hawana,Khavana,L'Avana,LAvan-a,LAvana,LAvann-a,LHabana,LHavana,La Ahuana,La Avan,La AvÃ n,La Habana,La Havana,La Havane,abana,avana,ha wa na,habana,habhana,hafana,havana,hawana,xia wan na,Ä¦avana,ÅAvana,Î‘Î²Î¬Î½Î±,Ğ“aĞ²Ğ°Ğ½a,Ğ“Ğ°Ğ²Ğ°Ğ½Ã¦,Ğ“Ğ°Ğ²Ğ°Ğ½Ğ°,Ğ“Ğ°Ğ²Ğ°Ğ½Ğµ,Ğ“Ğ¾Ñ€Ğ°Ğ´ Ğ“Ğ°Ğ²Ğ°Ğ½Ğ°,Ğ¥Ğ°Ğ²Ğ°Ğ½Ğ°,Ò²Ğ°Ğ²Ğ°Ğ½Ğ°,Õ€Õ¡Õ¾Õ¡Õ¶Õ¡,×”××•×•×× ×¢,×”×•×•×× ×”,Ù‡Ø§ÙØ§Ù†Ø§,Ù‡Ø§ÙˆØ§Ù†Ø§,ÛÙˆØ§Ù†Ø§,à¤¹à¤µà¤¾à¤¨à¤¾,à¦¹à¦¾à¦­à¦¾à¦¨à¦¾,à¨¹à¨µà¨¾à¨¨à¨¾,à¬¹à¬¾à¬­à¬¾à¬¨à¬¾,à®…à®µà®¾à®©à®¾,à´¹à´µà´¾à´¨,à¸®à¸²à¸§à¸²à¸™à¸²,à½§à¼‹à½à½“,á€Ÿá€¬á€—á€¬á€¸á€”á€¬á€¸á€™á€¼á€­á€¯á€·,áƒ°áƒáƒ•áƒáƒœáƒ,áˆ€á‰«áŠ“,áˆ€áŠ–á‹­,ãƒãƒãƒŠ,å“ˆç“¦é‚£,å¤ç£æ‹¿,ì•„ë°”ë‚˜",23.13302,-82.38304,P,PPLC,NA,02,NA,NA,NA,2163824,NA,41,America,2014-04-04
CV,CPV,132,CV,Cape Verde,Praia,4033.0,508659,AF,.cv,CVE,Escudo,238,####,^(\d{4})$,pt-CV,3374766,NA,NA,3374333,Praia,"Braia,Cidade da Praia,Gorad Praja,Municipio da Praia,MunicÃ­pio da Praia,Pragia,Praia,Praja,Praje,Prajo,PrajÄ—,Praya,RAI,braya,pei ya,peulaia,pirxa,pra'i'a,pra'iya,praya,prayya,puraia,Î ÏÎ¬Î³Î¹Î±,Î ÏÎ¬Î¹Î±,Ğ“Ğ¾Ñ€Ğ°Ğ´ ĞŸÑ€Ğ°Ñ,ĞŸÑ€Ğ°Ñ,ĞŸÑ€Ğ°Ñ˜Ğ°,ÕŠÖ€Õ¡ÕµÕ¡,×¤×¨××™×”,Ø¨Ø±Ø§ÙŠØ§,Ù¾Ø±Ø§Ø¦Ø§,Ù¾Ø±Ø§Ø¦ÛŒØ§,Ù¾Ø±Ø§ÙŠØ§,Ù¾Ø±Ø§ÛŒØ§,Ù¾Ú•Ø§ÛŒØ§,à¤ªà¥à¤°à¤¾à¤ˆà¤¯à¤¾,à¨ªà©à¨°à¨¾à¨ˆà¨†,à¹„à¸›à¸£à¸­à¸²,à½•à½´à¼‹à½¢à¼‹à½¡à¼,áƒáƒ áƒáƒ˜áƒ,á•áˆ«á‹«,ãƒ—ãƒ©ã‚¤ã‚¢,åŸ¹äº,í”„ë¼ì´ì•„",14.93152,-23.51254,P,PPLC,NA,14,NA,NA,NA,113364,0,18,Atlantic,2012-06-05
CW,CUW,531,UC,Curacao,Willemstad,444.0,141766,NA,.cw,ANG,Guilder,599,NA,NA,"nl,pap",7626836,NA,NA,3513090,Willemstad,"Gorad Vilemstad,Vilemstad,Vilemstadas,Vilemstade,Vilemstado,Villemstad,Villemstant,VillemÅŸtad,Willemstad,Willemsted,WillemstÃªd,billemseutateu,u~iremusutatto,vilemastada,villemstatu,wei lian si ta de,willems tad,wylmstad,Î’Î¯Î»Î»ÎµÎ¼ÏƒÏ„Î±Î½Ï„,Ğ’Ğ¸Ğ»ĞµĞ¼ÑÑ‚Ğ°Ğ´,Ğ’Ğ¸Ğ»Ğ»ĞµĞ¼ÑÑ‚Ğ°Ğ´,Ğ’Ñ–Ğ»Ğ»ĞµĞ¼ÑÑ‚Ğ°Ğ´,Ğ“Ğ¾Ñ€Ğ°Ğ´ Ğ’Ñ–Ğ»ĞµĞ¼ÑÑ‚Ğ°Ğ´,×•×™×œ××¡×˜××“,ÙˆÙŠÙ„Ù…Ø³ØªØ§Ø¯,ÙˆÛŒÙ„Ù…Ø³ØªØ§Ø¯,ÙˆÛŒÙ„Ù…Ø³Ù¹ÛŒÚˆ,à¤µà¤¿à¤²à¥‡à¤®à¤¶à¥à¤Ÿà¤¾à¤¡,à®µà®¿à®²à¯à®²à¯†à®®à¯à®¸à¯à®Ÿà®¾à®Ÿà¯,à¸§à¸´à¸¥à¹€à¸¥à¸¡à¸ªà¸•à¸±à¸”,áƒ•áƒ˜áƒšáƒ”áƒ›áƒ¡áƒ¢áƒáƒ“áƒ˜,ã‚¦ã‚£ãƒ¬ãƒ ã‚¹ã‚¿ãƒƒãƒˆ,å¨å»‰æ–¯å¡”å¾·,ë¹Œë ˜ìŠ¤íƒ€íŠ¸",12.1084,-68.93354,P,PPLC,NA,NA,NA,NA,NA,125000,NA,1,America,2010-12-18
CX,CXR,162,KT,Christmas Island,Flying Fish Cove,135.0,1500,AS,.cx,AUD,Dollar,61,####,^(\d{4})$,"en,zh,ms-CC",2078138,NA,NA,2078127,Flying Fish Cove,"Flaing Fish Kouv,Flajing Fish Kouv,Flajing-Fish-Kouv,Flayinq Fis Kouv,Flayinq FiÅŸ Kouv,Flying Fish Cove,Gorad Flain-Fish-Kouv,The Settlement,fala'iga fisa kova,fei yu wan,flay xing fich khof,flayngh fysh kwf,flayyng fsh kww,peullaingpisikobeu,phla'inga phisa kova,pilaiyin pis kov,plaing-pishi,Ğ“Ğ¾Ñ€Ğ°Ğ´ Ğ¤Ğ»Ğ°Ñ–Ğ½-Ğ¤Ñ–Ñˆ-ĞšĞ¾ÑĞ²,Ğ¤Ğ»Ğ°Ğ¸Ğ½Ğ³ Ğ¤Ğ¸Ñˆ ĞšĞ¾ÑƒĞ²,Ğ¤Ğ»Ğ°Ğ¹Ğ¸Ğ½Ğ³-Ğ¤Ğ¸Ñˆ-ĞšĞ¾ÑƒĞ²,Ğ¤Ğ»Ğ°Ñ˜Ğ¸Ğ½Ğ³ Ğ¤Ğ¸Ñˆ ĞšĞ¾ÑƒĞ²,ÙÙ„Ø§Ø¦ÛŒÙ†Ú¯ ÙØ´ Ú©ÙˆÙˆ,ÙÙ„Ø§ÙŠÙ†Øº ÙÙŠØ´ ÙƒÙˆÙ,à¤«à¥à¤²à¤¾à¤‡à¤‚à¤— à¤«à¤¿à¤¶ à¤•à¥‹à¤µ,à¨«à¨¼à¨²à¨¾à¨‡à©°à¨— à¨«à¨¼à¨¿à¨¸à¨¼ à¨•à©‹à¨µ,à®ªà®¿à®³à¯ˆà®¯à®¿à®™à¯ à®ªà®¿à®·à¯ à®•à¯‹à®µà¯,à¸Ÿà¸¥à¸²à¸¢à¸­à¸´à¸‡à¸Ÿà¸´à¸Šà¹‚à¸„à¸Ÿ,áƒ¤áƒšáƒáƒ˜áƒœáƒ’-áƒ¤áƒ˜áƒ¨áƒ˜,ãƒ•ãƒ©ã‚¤ãƒ³ã‚°ãƒ»ãƒ•ã‚£ãƒƒã‚·ãƒ¥ãƒ»ã‚³ãƒ¼ãƒ–,é£é±¼æ¹¾,í”Œë¼ì‰í”¼ì‹œì½”ë¸Œ",-10.42172,105.67912,P,PPLC,NA,00,NA,NA,NA,500,NA,135,Indian,2015-10-18
CY,CYP,196,CY,Cyprus,Nicosia,9250.0,1102677,EU,.cy,EUR,Euro,357,####,^(\d{4})$,"el-CY,tr-CY,en",146669,NA,NA,146268,Nicosia,"An Leafcois,An LeafcÃ³is,Gorad Nikasija,Lefkosa,Lefkosha,Lefkosia,Lefkosian,LefkosÃ­a,LefkoÅŸa,Leucosia,NIC,Nekoseje,Nicosea,Nicosia,Nicosia (Lefkosia),Nicosia - Leukosia,Nicosia - Î›ÎµÏ…ÎºÏ‰ÏƒÎ¯Î±,Nicosie,NicosÃ©a,NicosÃ¬a,Nicusia,NicusÃ¬a,NicÃ²sia,NicÃ³sia,Nikosi,Nikosia,Nikosie,Nikosii,Nikosij,Nikosija,Nikosija osh,Nikosiya,Nikozi,Nikozia,Nikozija,Nikozio,Nikozja,NikÃ³sie,NikÃ³sÃ­a,NikÃ³zia,Niqusya,NÄ—kosÄ—jÄ—,ni ke xi ya,ni kho seiy,nikkeasya,nikkociya,nikojya,nikoshia,nikosi'a,nikosia,nikosiya,nikozia,nykwsya,nykwzya,nyqwsya,nyqwsyh,Î›ÎµÏ…ÎºÏ‰ÏƒÎ¯Î±,Î›ÎµÏ…ÎºÏ‰ÏƒÎ¯Î±Î½,Ğ“Ğ¾Ñ€Ğ°Ğ´ ĞÑ–ĞºĞ°ÑÑ–Ñ,Ğ›ĞµÑ„ĞºĞ¾ÑˆĞ°,ĞĞ¸ĞºĞ¾Ğ·Ğ¸Ñ,ĞĞ¸ĞºĞ¾Ğ·Ğ¸Ñ˜Ğ°,ĞĞ¸ĞºĞ¾ÑĞ¸,ĞĞ¸ĞºĞ¾ÑĞ¸Ğ¹,ĞĞ¸ĞºĞ¾ÑĞ¸Ñ,ĞĞ¸ĞºĞ¾ÑĞ¸Ñ Ğ¾Ñˆ,ĞÑ–ĞºĞ¾ÑÑ–Ñ,Õ†Õ«Õ¯Õ¸Õ½Õ«Õ¡,× ×™×§××¡×™×¢,× ×™×§×•×¡×™×”,Ù†Ù‰ÙƒÙˆØ³Ù‰ÙŠÛ•,Ù†ÙŠÙ‚ÙˆØ³ÙŠØ§,Ù†ÙŠÙƒÙˆØ³ÙŠØ§,Ù†ÛŒÚ©ÙˆØ²ÛŒØ§,Ù†ÛŒÚ©ÙˆØ³ÛŒØ§,Ù†ÛŒÚ©Û†Ø³ÛŒØ§,à¤¨à¤¿à¤•à¥‹à¤œà¥à¤¯à¤¾,à¤¨à¤¿à¤•à¥‹à¤¸à¤¿à¤¯à¤¾,à¦¨à¦¿à¦•à§‹à¦¸à¦¿à¦¯à¦¼à¦¾,à¨¨à¨¿à¨•à©‹à¨¸à©€à¨†,à¬¨à¬¿à¬•à­‹à¬¸à¬¿à¬†,à®¨à®¿à®•à¯à®•à¯‹à®šà®¿à®¯à®¾,à²¨à²¿à²•à³‹à²¸à²¿à²¯,à´¨à´¿à´•àµà´•àµ‹à´·àµà´¯,à¸™à¸´à¹‚à¸„à¹€à¸‹à¸µà¸¢,à½“à½ºà¼‹à½à½¼à¼‹à½¤à½²à¼‹à½¡à¼,áƒœáƒ˜áƒ¥áƒáƒ–áƒ˜áƒ,áˆŒááŠ®á‹šá‹«,ãƒ‹ã‚³ã‚·ã‚¢,å°¼ç§‘è¥¿äºš,å°¼ç§‘è¥¿äº,ë‹ˆì½”ì‹œì•„",35.17531,33.3642,P,PPLC,NA,04,NA,NA,NA,200452,NA,147,Asia,2015-04-08
CZ,CZE,203,EZ,Czechia,Prague,78866.0,10476000,EU,.cz,CZK,Koruna,420,### ##,^\d{3}\s?\d{2}$,"cs,sk",3077311,"PL,DE,SK,AT",NA,3067696,Prague,"PRG,Praag,Prag,Praga,Pragae,Prago,Prague,Praha,PrÃ g,PrÃ¡g,PrÃ¡ga,PrÃ¢g,PrÄga,bragh,bu la ge,peulaha,prag,praga,prak,prg,puraha,Î ÏÎ¬Î³Î±,ĞŸÑ€Ğ°Ğ³,ĞŸÑ€Ğ°Ğ³Ã¦,ĞŸÑ€Ğ°Ğ³Ğ°,×¤×¨××’,Ø¨Ø±Ø§Øº,Ù¾Ø±Ø§Ú¯,Ù¾Ø±Ø§Ú¯Ø§,Ü¦ÜªÜ“,à¸›à¸£à¸²à¸,à½”à½´à¼‹à½£à¼‹à½à½º,áƒáƒ áƒáƒ¦áƒ,á•áˆ«áŒ,ãƒ—ãƒ©ãƒ,å¸ƒæ‹‰æ ¼,í”„ë¼í•˜",50.08804,14.42076,P,PPLC,NA,52,NA,NA,NA,1165581,NA,202,Europe,2013-11-25
DE,DEU,276,GM,Germany,Berlin,357021.0,81802257,EU,.de,EUR,Euro,49,#####,^(\d{5})$,de,2921044,"CH,PL,NL,DK,BE,CZ,LU,FR,AT",NA,2950159,Berlin,"BER,Beirlin,BeirlÃ­n,Berleno,Berlien,Berliin,Berliini,Berlijn,Berlim,Berlin,Berline,Berlini,Berlino,Berlyn,Berlynas,BerlÃ«no,BerlÃ­n,BerlÃ®n,BerlÄ«ne,Berolino,Berolinum,Birlinu,BÃ¨rlÃ®n,Estat de Berlin,Estat de BerlÃ­n,bai lin,barlina,beleullin,berlini,berurin,bexrlin,brlyn,perlin,Î’ÎµÏÎ¿Î»Î¯Î½Î¿,Ğ‘ĞµÑ€Ğ»Ğ¸Ğ½,Ğ‘ĞµÑ€Ğ»Ñ–Ğ½,Ğ‘ÑÑ€Ğ»Ñ–Ğ½,Ô²Õ¥Ö€Õ¬Õ«Õ¶,×‘×¢×¨×œ×™×Ÿ,×‘×¨×œ×™×Ÿ,Ø¨Ø±Ù„ÙŠÙ†,Ø¨Ø±Ù„ÛŒÙ†,Ø¨ÛØ±Ù„Ù‰Ù†,Ü’ÜªÜ ÜÜ¢,à¤¬à¤°à¥à¤²à¤¿à¤¨,à¦¬à¦¾à¦°à§à¦²à¦¿à¦¨,à®ªà¯†à®°à¯à®²à®¿à®©à¯,à¹€à¸šà¸­à¸£à¹Œà¸¥à¸´à¸™,áƒ‘áƒ”áƒ áƒšáƒ˜áƒœáƒ˜,ãƒ™ãƒ«ãƒªãƒ³,æŸæ—,ë² ë¥¼ë¦°",52.52437,13.41053,P,PPLC,NA,16,00,11000,11000000,3426354,74,43,Europe,2016-09-26
DJ,DJI,262,DJ,Djibouti,Djibouti,23e3,740528,AF,.dj,DJF,Franc,253,NA,NA,"fr-DJ,ar,so-DJ,aa",223816,"ER,ET,SO",NA,223817,Djibouti,"Byen Djibouti,Cibuti,Dinas Jibwti,Diobuiti,DiobÃºitÃ­,Djiboeti,Djibouti,Djibouti Chhi,Djibouti ChhÄ«,Djibuti,Dschibuti,Dzhibuti,Dzibuti,Dzibutis,Dzjibuty,DzjibÃ»ty,Dzsibuti,DÅ¼ibuti,DÅ¾ibuti,DÅ¾ibutis,DÅ¾Ã­bÃºtÃ­,Gibuti,Gibuto,Gibutum,Gorad Dzhybuci,Ilu Djibouti,JIB,Jabuuti,Jiboti,Jibouti,Jibuti,Lungsod ng Djibouti,Mbanza ya Djibuti,Sita Jibouti,Syudad han Djibouti,Tzimpouti,Xibuti,XibutÃ­,Yibuti,Zhibuti shaary,ci buti,ciputti,dzsybwty,gybwty,jbwty,jbwty Ê¿laqÛ,ji bu de shi,ji bu ti cheng,jibuchi shi,jibuti,jybwty,jybwwty,ÃŒlÃº Djibouti,Äœibuto,Î¤Î¶Î¹Î¼Ï€Î¿Ï…Ï„Î¯,ĞĞ¸Ğ±ÑƒÑ‚Ğ¸,Ğ“Ğ¾Ñ€Ğ°Ğ´ Ğ”Ğ¶Ñ‹Ğ±ÑƒÑ†Ñ–,Ğ”Ğ¶Ğ¸Ğ±ÑƒÑ‚Ğ¸,Ğ”Ğ¶Ğ¸Ğ±ÑƒÑ‚Ñ–,Ğ–Ğ¸Ğ±ÑƒÑ‚Ğ¸ ÑˆĞ°Ğ°Ñ€Ñ‹,Ò¶Ğ¸Ğ±ÑƒÑ‚Ğ¸,Õ‹Õ«Õ¢Õ¸Ö‚Õ©Õ«,×’×™×‘×•×˜×™,×“×–×©×™×‘×•×˜×™,Ø¬Ø¨ÙˆØªÛŒ,Ø¬Ø¨ÙˆØªÛŒ Ø¹Ù„Ø§Ù‚Û,Ø¬ÙŠØ¨ÙˆØªÙŠ,Ø¬ÛŒØ¨ÙˆØªÛŒ,Ø¬ÛŒØ¨ÙˆÙˆØªÛŒ,à¤œà¤¿à¤¬à¥‚à¤¤à¥€,à¦œà¦¿à¦¬à§à¦¤à¦¿,à¨œà¨¿à¨¬à©‚à¨¤à©€,à®šà¯€à®ªà¯‚à®¤à¯à®¤à¯€,à¸ˆà¸´à¸šà¸¹à¸•à¸µ,à½‡à½²à¼‹à½–à½ à½¼à¼‹à½Šà½²à¼,áƒ¯áƒ˜áƒ‘áƒ£áƒ¢áƒ˜,ã‚¸ãƒ–ãƒå¸‚,å‰å¸ƒåœ°å¸‚,å‰å¸ƒæåŸ,ì§€ë¶€í‹°",11.58901,43.14503,P,PPLC,NA,07,NA,NA,NA,623891,NA,6,Africa,2012-05-14
DK,DNK,208,DA,Denmark,Copenhagen,43094.0,5484000,EU,.dk,DKK,Krone,45,####,^(\d{4})$,"da-DK,en,fo,de-DK",2623032,DE,NA,2618425,Copenhagen,"CPH,Cobanhavan,Copenaga,Copenaghen,Copenaguen,Copenhaga,Copenhagen,Copenhague,Copenhaguen,Copenhaguen - Kobenhavn,Copenhaguen - KÃ¸benhavn,CÃ³banhÃ¡van,Hafnia,Kapehngagen,Kaupmannahoefn,KaupmannahÃ¶fn,Keypmannahavn,Kjobenhavn,Kjopenhamn,KjÃ¸penhamn,Kobenhamman,Kobenhaven,Kobenhavn,Kodan,KodaÅˆ,Koebenhavn,Koeoepenhamina,Koepenhamn,Kopenage,Kopenchage,Kopengagen,Kopenhaagen,Kopenhag,Kopenhaga,Kopenhage,Kopenhagen,Kopenhagena,Kopenhago,KopenhÄgena,Kopenkhagen,Koppenhaga,KoppenhÃ¡ga,KÃ²penhaga,KÃ¶benhavn,KÃ¶penhamn,KÃ¶Ã¶penhamina,KÃ¸benhavn,KÃ¸benhÃ¡mman,ge ben ha gen,khopenheken,kopanahagana,kopenahagena,kopenahegena,kopenhagen,kwbnhaghn,kwpnhgn,qwpnhgn,ÎšÎ¿Ï€ÎµÎ³Ï‡Î¬Î³Î·,ĞšĞ°Ğ¿ÑĞ½Ğ³Ğ°Ğ³ĞµĞ½,ĞšĞ¾Ğ¿ĞµĞ½Ğ³Ğ°Ğ³ĞµĞ½,ĞšĞ¾Ğ¿ĞµĞ½Ñ…Ğ°Ğ³ĞµĞ½,Ô¿Õ¸ÕºÕ¥Õ¶Õ°Õ¡Õ£Õ¥Õ¶,×§×•×¤× ×”××’×Ÿ,×§×•×¤× ×”×’×Ÿ,ÙƒÙˆØ¨Ù†Ù‡Ø§ØºÙ†,ÙƒÙˆÙ¾ÛÙ†Ú¾Ø§Ú¯ÛÙ†,ÜŸÜ˜Ü¦Ü¢Ü—Ü“Ü¢,à¤•à¥‹à¤ªà¤¨à¤¹à¤¾à¤—à¤¨,à¦•à§‹à¦ªà§‡à¦¨à¦¹à¦¾à¦—à§‡à¦¨,à¦•à§‹à¦ªà§‡à¦¨à¦¹à§‡à¦—à§‡à¦¨,à¹‚à¸„à¹€à¸›à¸™à¹€à¸®à¹€à¸à¸™,à½€à½ à½¼à¼‹à½”à½ºà½“à¼‹à½§à¼‹à½€à½ºà½“,áƒ™áƒáƒáƒ”áƒœáƒ°áƒáƒ’áƒ”áƒœáƒ˜,áŠ®ááŠ•áˆ€áŒˆáŠ•,áŠ®á•áŠ•áˆ€áŒ,ã‚³ãƒšãƒ³ãƒãƒ¼ã‚²ãƒ³,å“¥æœ¬å“ˆæ ¹,ì½”íœí•˜ê²",55.67594,12.56553,P,PPLC,NA,17,101,NA,NA,1153615,NA,14,Europe,2012-11-26
DM,DMA,212,DO,Dominica,Roseau,754.0,72813,NA,.dm,XCD,Dollar,+1-767,NA,NA,en-DM,3575830,NA,NA,3575635,Roseau,"Charlotte Town,Gorad Razo,Roseau,Roseo,Rozo,lojo,luo suo,ro so,rozo,rusa'u,rwsw,rwzw,uroco,Î¡Î¿Î¶ÏŒ,Ğ“Ğ¾Ñ€Ğ°Ğ´ Ğ Ğ°Ğ·Ğ¾,Ğ Ğ¾Ğ·Ğ¾,ÕŒÕ¸Õ¦Õ¸,×¨×•×–×•,Ø±ÙˆØ³Ùˆ,à¤°à¥à¤¸à¤¾à¤‰,à¨°à©‹à¨œà¨¼à©‹,à®‰à®±à¯Šà®šà¯‹,à¹‚à¸£à¹‚à¸‹,à½¢à½´à¼‹à½Ÿà½¼à¼,áƒ áƒáƒ–áƒ,áˆ®á‹,ãƒ­ã‚¾ãƒ¼,ç¾…ç´¢,ë¡œì¡°",15.30174,-61.38808,P,PPLC,NA,04,NA,NA,NA,16571,NA,11,America,2010-08-16
DO,DOM,214,DR,Dominican Republic,Santo Domingo,48730.0,9823821,NA,.do,DOP,Peso,+1-809 and 1-829,#####,^(\d{5})$,es-DO,3508796,HT,NA,3492908,Santo Domingo,"Ciudad Trujillo,SDQ,Saint Domingue,Santo Domingo,Santo Domingo City,Santo Domingo de Guzman,Santo Domingo de GuzmÃ¡n,Santo Ntomin'nko,Santo-Domingo,Î£Î¬Î½Ï„Î¿ ÎÏ„Î¿Î¼Î¯Î½Î³ÎºÎ¿,Ğ¡Ğ°Ğ½Ñ‚Ğ¾-Ğ”Ğ¾Ğ¼Ğ¸Ğ½Ğ³Ğ¾",18.50012,-69.98857,P,PPLC,NA,34,0101,10101,1010101,2201941,NA,55,America,2016-06-05
DZ,DZA,012,AG,Algeria,Algiers,2381740.0,34586184,AF,.dz,DZD,Dinar,213,#####,^(\d{5})$,ar-DZ,2589581,"NE,EH,LY,MR,TN,MA,ML",NA,2507480,Algiers,"ALG,Al Jazair,Al-jezair,Alcher,Alge,Algeirsborg,Alger,Algeri,Algero,Algier,Algiers,Algir,AlgÂ·Ã¨r,AlgÃª,AlgÃ­r,Alje,Aljer,Aljir,Alse,Alxer,Alzer,Alzhir,Alzhir khot,Alzhir shaary,Alziir,Alzir,Alzira,Alzirs,Alzyras,AlÄero,AlÅ¾iir,AlÅ¾ir,AlÅ¾yras,AlÅ¾Ã­r,AlÅ¾Ä›r,AlÅ¾Ä«ra,AlÅ¾Ä«rs,Argel,Argier,ArgiÃ¨r,Arhel,Arjel,Arxel,Caesair,Cathair na hAilgeire,Cathair na hAilgÃ©ire,Cezayir,CÃ¤sair,Gorad Alzhyr,Icosium,Jazoir,Zzayer,a er ji er,ala-jaza'ira,alajiyarsa,alje,alji'ersa,aljiyars,aljiyarsa,aljyrz,aljzayr,aljzyrh,alzhiri,aruje,jÛ•zayyr,yaljyr,ÆlcÉ™zair,Ê¼lgyr,Î‘Î»Î³Î­ÏÎ¹,ĞĞ»Ğ¶Ğ¸Ñ€,ĞĞ»Ğ¶Ğ¸Ñ€ Ñ…Ğ¾Ñ‚,ĞĞ»Ğ¶Ğ¸Ñ€ ÑˆĞ°Ğ°Ñ€Ñ‹,ĞĞ»Ò·Ğ°Ğ·Ğ¾Ğ¸Ñ€,Ğ“Ğ¾Ñ€Ğ°Ğ´ ĞĞ»Ğ¶Ñ‹Ñ€,Ô±Õ¬ÕªÕ«Ö€,××œ×’×™×¨,××œ×–×©×™×¨×¡,Ø¦Ø§Ù„Ø¬Ù‰Ø±,Ø§Ù„Ø¬Ø²Ø§Ø¦Ø±,Ø§Ù„Ø¬Ø²Ø§Ø¦Ø± Ø´ÛØ±,Ø§Ù„Ø¬Ø²ÙŠØ±Ù‡,Ø§Ù„Ø¬Ø²ÛŒØ±Ù‡,Ø§Ù„Ø¬ÛŒØ±Ø²,Ø¬Û•Ø²Ø§Ø¦ÛŒØ±,Ü“Ü™ÜÜÜª,à¤…à¤²à¥à¤œà¥€à¤à¤°à¥à¤¸,à¤…à¤²à¥à¤œà¥€à¤¯à¤°à¥à¤¸,à¦†à¦²à¦œà¦¿à¦¯à¦¼à¦¾à¦°à§à¦¸,à¨…à¨²-à¨œà¨œà¨¼à¨¾à¨‡à¨°,à®…à®²à¯à®œà®¿à®¯à®°à¯à®¸à¯,à´…àµ¾à´œà´¿à´¯àµ‡à´´àµà´¸àµ,à¹à¸­à¸¥à¹€à¸ˆà¸µà¸¢à¸£à¹Œ,à½¨à½±à½£à¼‹à½‡à½²à¼‹à½¡à½¢à¼‹à½¦à½²à¼,á€¡á€šá€ºá€œá€‚á€»á€®á€¸á€šá€¬á€¸á€™á€¼á€­á€¯á€·,áƒáƒšáƒŸáƒ˜áƒ áƒ˜,áŠ áˆáŒ€áˆ­áˆµ,ã‚¢ãƒ«ã‚¸ã‚§,é˜¿çˆ¾åŠçˆ¾,ì•Œì œ",36.7525,3.04197,P,PPLC,NA,01,NA,NA,NA,1977663,NA,186,Africa,2015-06-03
EC,ECU,218,EC,Ecuador,Quito,283560.0,14790608,SA,.ec,USD,Dollar,593,@####@,^([a-zA-Z]\d{4}[a-zA-Z])$,es-EC,3658394,"PE,CO",NA,3652462,Quito,"Gorad Kita,Kitas,Kito,Kitu,Kuito,Quito,Quitu,Quitum,San Francisco de Quito,UIO,ji duo,ki to,kito,kitto,kvirrea,kvito,kwytw,kytw,qytw,ÎšÎ¯Ï„Î¿,Ğ“Ğ¾Ñ€Ğ°Ğ´ ĞšÑ–Ñ‚Ğ°,ĞšĞ¸Ñ‚Ğ¾,ĞšÑ–Ñ‚Ğ¾,Ô¿Õ«Õ¿Õ¸,×§×™×˜×,×§×™×˜×•,ÙƒÙ‰ØªÙˆ,ÙƒÙŠØªÙˆ,Ú©ÙˆØ¦ØªÙˆ,Ú©ÛŒØªÙˆ,Ú©ÛŒÙ¹Ùˆ,à¤•à¥à¤µà¤¿à¤¤à¥‹,à¤•à¥à¤µà¥€à¤Ÿà¥‹,à¨•à©€à¨¤à©‹,à®•à®¿à®¤à¯à®¤à¯‹,à´•àµà´µà´¿à´±àµà´±àµ‹,à¸à¸µà¹‚à¸•,à½à½ºà¼‹à½à½¼à¼,áƒ™áƒ˜áƒ¢áƒ,áŠªá‰¶,ã‚­ãƒˆ,åŸºå¤š,í‚¤í† ",-0.22985,-78.52495,P,PPLC,NA,18,NA,NA,NA,1399814,NA,2854,America,2010-05-30
EE,EST,233,EN,Estonia,Tallinn,45226.0,1291170,EU,.ee,EUR,Euro,372,#####,^(\d{5})$,"et,ru",453733,"RU,LV",NA,588409,Tallinn,"Castrum Danorum,Gorad Talin,Kallinn,Kolyvan,Lindanaes,LindanÃ¤s,Raeaeveli,Reval,Revel,Revel',RÃ¤Ã¤veli,TLL,Taillinn,Talin,Talinas,Talini,Talino,Talins,Tallidn,Tallin,Tallin osh,Tallina,Tallinn,Tallinna,TalÃ­n,TÃ llin,ta lin,talin,talina,tallin,tallina,tallyn,talyn,tarin,thallin n,Î¤Î±Î»Î¯Î½,Î¤Î±Î»Î¹Î½,Î¤Î±Î»Î»Î¯Î½,Ğ“Ğ¾Ñ€Ğ°Ğ´ Ğ¢Ğ°Ğ»Ñ–Ğ½,Ğ¢Ğ°Ğ»Ğ¸Ğ½,Ğ¢Ğ°Ğ»Ğ»Ğ¸Ğ½,Ğ¢Ğ°Ğ»Ğ»Ğ¸Ğ½ Ğ¾Ñˆ,Ğ¢Ğ°Ğ»Ğ»Ğ¸Ğ½Ğ½,Ğ¢Ğ°Ğ»Ğ»Ñ–Ğ½Ğ½,ÕÕ¡Õ¬Õ¬Õ«Õ¶,×˜××œ×™×Ÿ,ØªØ§Ù„Ù„Ù‰Ù†,ØªØ§Ù„ÙŠÙ†,ØªØ§Ù„ÛŒÙ†,ØªØ§ÚµÛŒÙ†,Ù¹Ø§Ù„Ù†,à¤¤à¤¾à¤²à¤¿à¤¨,à¤¤à¤¾à¤²à¥à¤²à¤¿à¤¨,à¦¤à¦¾à¦²à§à¦²à¦¿à¦¨,à¨¤à¨¾à¨²à¨¿à¨¨,à®¤à®¾à®²à®¿à®©à¯,à´Ÿà´¾à´²à´¿àµ»,à¸—à¸²à¸¥à¸¥à¸´à¸™à¸™à¹Œ,à½à½±à½£à¼‹à¼‹à½£à½²à½“à¼,áƒ¢áƒáƒšáƒ˜áƒœáƒ˜,á‰³áˆŠáŠ•,ã‚¿ãƒªãƒ³,å¡”æ—,íƒˆë¦°",59.43696,24.75353,P,PPLC,NA,01,0784,7840298,NA,394024,NA,12,Europe,2016-09-15
EG,EGY,818,EG,Egypt,Cairo,1001450.0,80471869,AF,.eg,EGP,Pound,20,#####,^(\d{5})$,"ar-EG,en,fr",357994,"LY,SD,IL,PS",NA,360630,Cairo,"Al Qahirah,Al QÄhirah,CAI,Caire,Cairo,Cairo - alqahrt,Cairo - Ø§Ù„Ù‚Ø§Ù‡Ø±Ø©,Cairu,Cairus,CaÃ¯ro,El Caire,El Cairo,El Kahira,El Kahirah,El-Qahira,El-QÃ¢hira,Il Cairo,Kaherah,Kahira,Kahirae,Kahire,KahirÃ¤,Kair,Kaira,Kairas,Kairo,KairÃ³,Kajro,Kayro,KaÃ­rÃ³,KaÃ¯ro,KÃ¡hira,Le Caire,Lo Cayiro,Lungsod ng Cairo,Masr,Misr,QahirÉ™,alqahrt,kai luo,kailo,kairo,keyro,khiro,qahrh,qhyr,Ã‹l Cairo,Ã‹l CÃ iro,ÎšÎ¬Î¹ÏÎ¿,ĞšĞ°Ğ¸Ñ€,ĞšĞ°Ğ¸Ñ€Ğ¾,ĞšĞ°Ğ¹Ñ€Ğ¾,ĞšĞ°Ñ—Ñ€,×§×”×™×¨,Ø§Ù„Ù‚Ø§Ù‡Ø±Ø©,Ù‚Ø§Ù‡Ø±Ù‡,Ù‚Ø§Ú¾Ù‰Ø±Û•,Ù‚Ø§ÛØ±Û,à®•à¯†à®¯à¯à®°à¯‹,à¹„à¸„à¹‚à¸£,à½à¼‹à½¡à½²à¼‹à½¢à½¼,áƒ¥áƒáƒ˜áƒ áƒ,áŠ«á‹­áˆ®,ã‚«ã‚¤ãƒ­,å¼€ç½—,ì¹´ì´ë¡œ",30.06263,31.24967,P,PPLC,NA,11,NA,NA,NA,7734614,NA,23,Africa,2015-06-03
ER,ERI,232,ER,Eritrea,Asmara,121320.0,5792984,AF,.er,ERN,Nakfa,291,NA,NA,"aa-ER,ar,tig,kun,ti-ER",338010,"ET,SD,DJ",NA,343300,Asmara,"ASM,Asmar,Asmara,Asmaro,Asmehra,Asmera,Aszmara,Gorad Asmara,a si ma la,asamara,aseumala,asmara,asmera,asmrh,asmrt,asumara,yÛ•smÛ•rÛ•,ÆsmÉ™ra,Î‘ÏƒÎ¼Î¬ÏÎ±,ĞÑĞ¼Ğ°Ñ€Ğ°,ĞÑĞ¼ÑÑ€Ğ°,ĞÑĞ¼Ñ”Ñ€Ğ°,Ğ“Ğ¾Ñ€Ğ°Ğ´ ĞÑĞ¼Ğ°Ñ€Ğ°,Ô±Õ½Õ´Õ¡Ö€Õ¡,××¡××¨×”,Ø£Ø³Ù…Ø±Ø©,Ø¦Û•Ø³Ù…Û•Ø±Û•,Ø§Ø³Ù…Ø§Ø±Ø§,Ø§Ø³Ù…Ø±Ù‡,à¤…à¤¸à¥à¤®à¤¾à¤°à¤¾,à¨…à¨¸à¨®à¨¾à¨°à¨¾,à®…à®¸à¯à®®à®¾à®°à®¾,à´…à´¸àµà´®à´¾à´±,à¹à¸­à¸ªà¸¡à¸²à¸£à¸²,à½¨à½±à¼‹à½¦à½²à¼‹à½˜à½²à¼‹à½¢à¼,áƒáƒ¡áƒ›áƒ”áƒ áƒ,áŠ áˆµáˆ˜áˆ«,áŠ£áˆµáˆ˜áˆ«,ã‚¢ã‚¹ãƒãƒ©,é˜¿æ–¯é¦¬æ‹‰,ì•„ìŠ¤ë§ˆë¼",15.33805,38.93184,P,PPLC,NA,05,NA,NA,NA,563930,NA,2334,Africa,2013-01-11
ES,ESP,724,SP,Spain,Madrid,504782.0,46505963,EU,.es,EUR,Euro,34,#####,^(\d{5})$,"es-ES,ca,gl,eu,oc",2510769,"AD,PT,GI,FR,MA",NA,3117735,Madrid,"Gorad Madryd,La Villa y Corte de Madrid,Los Madriles,Lungsod ng Madrid,MAD,Ma-daik-li,Ma-tet-li,Madrid,Madrid osh,Madridas,Madride,Madridi,Madrido,Madrids,Madril,Madrit,Madrite,Madryt,MadrÃ­d,MadrÃ®d,Magerit,Maidrid,Mairil,Makelika,Matritum,MÃ¢-tet-lÃ®,MÄ-dÃ¡ik-lÄ«,Sanchinarro,ma de li,madarida,madeulideu,madorido,madorido shi,madri,madrid,madrida,madridi,madryd,matrit,mdryd,myadrida,mydrd,ÎœÎ±Î´ÏÎ¯Ï„Î·,Ğ“Ğ¾Ñ€Ğ°Ğ´ ĞœĞ°Ğ´Ñ€Ñ‹Ğ´,ĞœaĞ´Ñ€Ğ¸Ğ´,ĞœĞ°Ğ´Ñ€Ğ¸Ğ´,ĞœĞ°Ğ´Ñ€Ğ¸Ğ´ Ğ¾Ñˆ,ĞœĞ°Ğ´Ñ€Ñ–Ğ´,Õ„Õ¡Õ¤Ö€Õ«Õ¤,×××“×¨×™×“,××“×¨×™×“,Ù…Ø§Ø¯Ø±Ù‰Ø¯,Ù…Ø§Ø¯Ø±ÛŒØ¯,Ù…Ø¯Ø±ÙŠØ¯,Ù…ÛŒØ¯Ø±Ø¯,Ù…Û•Ø¯Ø±ÛŒØ¯,Ü¡Ü•ÜªÜÜ•,à¤®à¤¦à¥à¤°à¤¿à¤¦,à¤®à¤¦à¥à¤°à¤¿à¤¦à¥,à¤®à¤¾à¤¦à¥à¤°à¤¿à¤¦,à¤®à¤¾à¤¦à¥à¤°à¥€,à¤®à¥à¤¯à¤¾à¤¡à¥à¤°à¤¿à¤¡,à¦®à¦¾à¦¦à§à¦°à¦¿à¦¦,à¨®à¨¾à¨¦à¨°à©€à¨¦,à¬®à¬¾à¬¡à­à¬°à¬¿à¬¦,à®®à®¤à¯à®°à®¿à®¤à¯,à²®à²¡à³à²°à²¿à²¡à³,à´®à´¾à´¡àµà´°à´¿à´¡àµ,à¸¡à¸²à¸”à¸£à¸´à¸”,à½˜à¼‹à½‘à¼‹à½¢à½²à½‘à¼,á€™á€’á€›á€…á€ºá€™á€¼á€­á€¯á€·,áƒ›áƒáƒ“áƒ áƒ˜áƒ“áƒ˜,áˆ›á‹µáˆªá‹µ,ãƒãƒ‰ãƒªãƒ¼ãƒ‰,ãƒãƒ‰ãƒªãƒ¼ãƒ‰å¸‚,é¦¬å¾·é‡Œ,é©¬å¾·é‡Œ,ë§ˆë“œë¦¬ë“œ",40.4165,-3.70256,P,PPLC,NA,29,M,28079,NA,3255944,NA,665,Europe,2015-06-03
ET,ETH,231,ET,Ethiopia,Addis Ababa,1127127.0,88013491,AF,.et,ETB,Birr,251,####,^(\d{4})$,"am,en-ET,om-ET,ti-ET,so-ET,sid",337996,"ER,KE,SD,SS,SO,DJ",NA,344979,Addis Ababa,"ADD,Addis Ababa,Addis Abbaba,Addis Abeba,Addis-Abeba,Addis-Abebae,Addisz-Abeba,Adis Abeba,Adis-Abebo,Adisabeba,AdÃ­s Abeba,Antis Ampempa,Neanthopolis,a di si a bei ba,adisa ababa,adiseuababa,adisuabeba,adys ababa,Ä€dÄ«s Ä€beba,Î‘Î½Ï„Î¯Ï‚ Î‘Î¼Ï€Î­Î¼Ï€Î±,ĞĞ´Ğ´Ğ¸Ñ-ĞĞ±ĞµĞ±Ã¦,ĞĞ´Ğ´Ğ¸Ñ-ĞĞ±ĞµĞ±Ğ°,ĞĞ´Ğ¸Ñ ĞĞ±ĞµĞ±Ğ°,Ô±Õ¤Õ«Õ½ Ô±Õ¢Õ¥Õ¢Õ¡,××“×™×¡ ××‘×‘×”,Ø¢Ø¯ÛŒØ³ Ø¢Ø¨Ø§Ø¨Ø§,Ø£Ø¯ÙŠØ³ Ø£Ø¨Ø§Ø¨Ø§,Ø¦Û•Ø¯Ø¯Ù‰Ø³ -Ø¦Û•Ø¨Ù‰Ø¨Û•,à¤…à¤¦à¤¿à¤¸ à¤…à¤¬à¤¾à¤¬à¤¾,áŠ á‹²áˆµ áŠ á‰ á‰£,ã‚¢ãƒ‡ã‚£ã‚¹ã‚¢ãƒ™ãƒ,é˜¿è¿ªæ–¯é˜¿è²å·´,ì•„ë””ìŠ¤ì•„ë°”ë°”",9.02497,38.74689,P,PPLC,NA,44,NA,NA,NA,2757729,NA,2405,Africa,2015-05-13
FI,FIN,246,FI,Finland,Helsinki,337030.0,5244000,EU,.fi,EUR,Euro,358,#####,^(?:FI)*(\d{5})$,"fi-FI,sv-FI,smn",660013,"NO,RU,SE",NA,658225,Helsinki,"Elsin'ki,Elsinki,Elzinki,Gel'sinki,Gorad Khel'sinki,HEL,Heilsinci,HeilsincÃ­,Hel'sinki,Helsenkis,Helsingfors,Helsingi,Helsingia,Helsinki,Helsinkis,Helsinkium,Helsinko,Helsinky,Helsinqui,Helsinquia,Helsset,HelsÃ­nquia,HelsÃ®nkÃ®,HelsÄ—nkis,HÃ¨lsinki,Khel'sinki,Khel'sinki confirm deletion,Khel'sinki osh,Khelsinki,Khelzinki,Lungsod ng Helsinki,Stadi,Xelsinki,XÃ©lsinki,elcinki,hailasiki,he er xin ji,helasinki,helsingki,helsinki,herushinki,hlsnky,hlsnqy,hlsynky,hlsynqy,hylsynky,Ãˆlzinki,Ä¦elsinki,Î•Î»ÏƒÎ¯Î½ÎºÎ¹,Ğ“ĞµĞ»ÑŒÑÑ–Ğ½ĞºÑ–,Ğ“Ğ¾Ñ€Ğ°Ğ´ Ğ¥ĞµĞ»ÑŒÑÑ–Ğ½ĞºÑ–,Ğ¥ĞµĞ»Ğ·Ğ¸Ğ½ĞºĞ¸,Ğ¥ĞµĞ»ÑĞ¸Ğ½ĞºĞ¸,Ğ¥ĞµĞ»ÑŒÑĞ¸Ğ½ĞºĞ¸,Ğ¥ĞµĞ»ÑŒÑĞ¸Ğ½ĞºĞ¸ Ğ¾Ñˆ,Ò²ĞµĞ»ÑĞ¸Ğ½ĞºÓ£,Òºel'sinki,ÒºĞµĞ»ÑŒÑĞ¸Ğ½ĞºĞ¸,Õ€Õ¥Õ¬Õ½Õ«Õ¶Õ¯Õ«,×”×œ×¡×™× ×§×™,×”×¢×œ×¡×™× ×§×™,Ù‡Ù„Ø³Ù†ÙƒÙŠ,Ù‡Ù„Ø³Ù†ÚªÙŠ,Ù‡Ù„Ø³ÛŒÙ†Ú©ÛŒ,Ù‡ÙŠÙ„Ø³ÙŠÙ†ÙƒÙ‰,Ù‡ÛŒÙ„Ø³ÛŒÙ†Ú©ÛŒ,Ú¾ÛÙ„Ø³ÛŒÙ†Ú©ÛŒ,ÛÙ„Ø³Ù†Ú©ÛŒ,ÛÛŒÙ„Ø³Ù†Ú©ÛŒ,Ü—Ü Ü£Ü¢Ü©Ü,à¤¹à¥‡à¤²à¤¸à¤¿à¤‚à¤•à¥€,à¤¹à¥‡à¤²à¥à¤¸à¤¿à¤¨à¥à¤•à¥€,à¦¹à§‡à¦²à¦¸à¦¿à¦™à§à¦•à¦¿,à¨¹à©ˆà¨²à¨¸à¨¿à©°à¨•à©€,à®à®²à¯à®šà®¿à®™à¯à®•à®¿,à²¹à³†à²²à³à²¸à²¿à²‚à²•à²¿,à´¹àµ†àµ½à´¸à´¿à´™àµà´•à´¿,à¹€à¸®à¸¥à¸‹à¸´à¸‡à¸à¸´,à½§à½ºà½£à¼‹à½¦à½²à½“à¼‹à½€à½²à¼,á€Ÿá€šá€ºá€œá€ºá€†á€„á€ºá€€á€®á€™á€¼á€­á€¯á€·,áƒ°áƒ”áƒšáƒ¡áƒ˜áƒœáƒ™áƒ˜,áˆ„áˆáˆ²áŠ•áŠª,á¸¤Ã©lsinki,ãƒ˜ãƒ«ã‚·ãƒ³ã‚­,èµ«å°”è¾›åŸº,èµ«çˆ¾è¾›åŸº,í—¬ì‹±í‚¤",60.16952,24.93545,P,PPLC,NA,01,011,91,NA,558457,NA,26,Europe,2016-08-26
FJ,FJI,242,FJ,Fiji,Suva,18270.0,875983,OC,.fj,FJD,Dollar,679,NA,NA,"en-FJ,fj",2205218,NA,NA,2198148,Suva,"Gorad Suva,SUV,Souba,Souva,Sufa,Suv,Suva,Suva City,Suvae,Suvo,Suwa,cuva,su wa,suba,subha,suva,suwa,swbh,swfa,swwa,Î£Î¿ÏÎ²Î±,Ğ“Ğ¾Ñ€Ğ°Ğ´ Ğ¡ÑƒĞ²Ğ°,Ğ¡ÑƒĞ²Ã¦,Ğ¡ÑƒĞ²Ğ°,ÕÕ¸Ö‚Õ¾Õ¡,×¡×•×‘×”,Ø³ÙˆÙØ§,Ø³ÙˆÙˆØ§,à¤¸à¥à¤µà¤¾,à¦¸à§à¦­à¦¾,à¨¸à©‚à¨µà¨¾,à®šà¯à®µà®¾,à¸‹à¸¹à¸§à¸²,à½¦à½´à¼‹à½à¼,áƒ¡áƒ£áƒ•áƒ,áˆ±á‰«,ã‚¹ãƒ,è˜‡ç“¦,ìˆ˜ë°”",-18.14161,178.44149,P,PPLC,FJ,01,NA,NA,NA,77366,NA,57,Pacific,2010-05-30
FK,FLK,238,FK,Falkland Islands,Stanley,12173.0,2638,SA,.fk,FKP,Pound,500,NA,NA,en-FK,3474414,NA,NA,3426691,Stanley,"Gorad Stehnli,Port Stanley,Port Stenli,Port Stenlis,Port-Stehnli,Port-Stenli,Porto Arxentino/Stanley,Puerto Archentinas/Stenlis,Puerto Argentino,Puerto Stanley,Stanlef,Stanlejo,Stanley,Stanley Harbour,Stenli,Stenlis,astnly  jzayr falklnd,asÙ¹ynlÛ’  jzayr faklynÚˆ,icutanli,porta stenli,seutaenli,si tan li,si tan li gang,stanly,stnly,sutanre,sutanri,Î£Ï„Î¬Î½Î»ÎµÏ‹,Ğ“Ğ¾Ñ€Ğ°Ğ´ Ğ¡Ñ‚ÑĞ½Ğ»Ñ–,ĞŸĞ¾Ñ€Ñ‚ Ğ¡Ñ‚ĞµĞ½Ğ»Ğ¸,ĞŸĞ¾Ñ€Ñ‚-Ğ¡Ñ‚ĞµĞ½Ğ»Ñ–,ĞŸĞ¾Ñ€Ñ‚-Ğ¡Ñ‚ÑĞ½Ğ»Ğ¸,Ğ¡Ñ‚ĞµĞ½Ğ»Ğ¸,ÕŠÕ¸Ö€Õ¿ ÕÕ©Õ¥Õ¶Õ¬Õ«,×¡×˜×× ×œ×™,×¡×˜× ×œ×™,Ø§Ø³ØªÙ†Ù„ÛŒØŒ Ø¬Ø²Ø§ÛŒØ± ÙØ§Ù„Ú©Ù„Ù†Ø¯,Ø§Ø³Ù¹ÛŒÙ†Ù„Û’ØŒ Ø¬Ø²Ø§Ø¦Ø± ÙØ§Ú©Ù„ÛŒÙ†Úˆ,Ø³ØªØ§Ù†Ù„ÙŠ,Ø³Ù¹ÛŒÙ†Ù„Û’,à¤ªà¥‹à¤°à¥à¤Ÿ à¤¸à¥à¤Ÿà¥…à¤¨à¥à¤²à¥€,à®‡à®šà¯à®Ÿà®¾à®©à¯à®²à®¿,à´¸àµà´±àµà´±à´¾àµ»à´²à´¿,à¸ªà¹à¸•à¸™à¸¥à¸µà¸¢à¹Œ,ã‚¹ã‚¿ãƒ³ãƒªãƒ¼,ã‚¹ã‚¿ãƒ³ãƒ¬ãƒ¼,æ–¯å¦åˆ©,æ–¯å¦åˆ©æ¸¯,ìŠ¤íƒ ë¦¬",-51.7,-57.85,P,PPLC,NA,00,NA,NA,NA,2213,NA,43,Atlantic,2015-04-24
FR,FRA,250,FR,France,Paris,547030.0,64768389,EU,.fr,EUR,Euro,33,#####,^(\d{5})$,"fr-FR,frp,br,co,ca,eu,oc",3017382,"CH,DE,BE,LU,IT,AD,MC,ES",NA,2988507,Paris,"Baariis,Bahliz,Gorad Paryzh,Lungsod ng Paris,Lutece,Lutetia,Lutetia Parisorum,LutÃ¨ce,PAR,Pa-ri,Paarys,Palika,Paname,Pantruche,Paraeis,Paras,Pari,Paries,Parigge,Pariggi,Parighji,Parigi,Pariis,Pariisi,Pariizu,PariiÅ¾u,Parij,Parijs,Paris,Parisi,Parixe,Pariz,Parize,Parizh,Parizh osh,Parizh',Parizo,Parizs,PariÅ¾,Parys,Paryz,Paryzius,ParyÅ¼,ParyÅ¾ius,ParÃ¤is,ParÃ­s,ParÃ­Å¾,ParÃ®s,ParÄ©,ParÄ«,ParÄ«ze,PaÅ™Ã­Å¾,PÃ¡ras,PÃ¡rizs,Ville-Lumiere,Ville-LumiÃ¨re,ba li,barys,pairisa,pali,pari,paris,parys,paryzh,perisa,pryz,pyaris,pyarisa,pyrs,Î Î±ÏÎ¯ÏƒÎ¹,Ğ“Ğ¾Ñ€Ğ°Ğ´ ĞŸĞ°Ñ€Ñ‹Ğ¶,ĞŸĞ°Ñ€Ğ¸Ğ¶,ĞŸĞ°Ñ€Ğ¸Ğ¶ Ğ¾Ñˆ,ĞŸĞ°Ñ€Ğ¸Ğ¶ÑŒ,ĞŸĞ°Ñ€Ğ¸Ğ·,ĞŸĞ°Ñ€Ğ¸Ñ,ĞŸĞ°Ñ€Ñ–Ğ¶,Õ“Õ¡Ö€Õ«Õ¦,×¤××¨×™×–,×¤×¨×™×–,Ø¨Ø§Ø±ÙŠØ³,Ù¾Ø§Ø±Ù‰Ú˜,Ù¾Ø§Ø±ÙŠØ³,Ù¾Ø§Ø±ÛŒØ³,Ù¾ÛŒØ±Ø³,Ü¦ÜÜªÜÜ£,à¤ªà¥…à¤°à¤¿à¤¸,à¤ªà¥‡à¤°à¤¿à¤¸,à¤ªà¥ˆà¤°à¤¿à¤¸,à¦ªà§à¦¯à¦¾à¦°à¦¿à¦¸,à¨ªà©ˆà¨°à¨¿à¨¸,àªªà«…àª°àª¿àª¸,à®ªà®¾à®°à®¿à®¸à¯,à°ªà°¾à°°à°¿à°¸à±,à²ªà³à²¯à²¾à²°à²¿à²¸à³,à´ªà´¾à´°à´¿à´¸àµ,à¸›à¸²à¸£à¸µà¸ª,à½•à¼‹à½¢à½²à¼,á€•á€«á€›á€®á€™á€¼á€­á€¯á€·,áƒáƒáƒ áƒ˜áƒ–áƒ˜,á“áˆªáˆµ,á”áŸ‰á¶ášá¸áŸ,ãƒ‘ãƒª,å·´é»,íŒŒë¦¬",48.85341,2.3488,P,PPLC,NA,11,75,751,75056,2138551,NA,42,Europe,2016-02-18
GA,GAB,266,GB,Gabon,Libreville,267667.0,1545255,AF,.ga,XAF,Franc,241,NA,NA,fr-GA,2400553,"CM,GQ,CG",NA,2399697,Libreville,"Gorad Librehvil',LBV,Libarwil,Liberopolis,Librefille,Librevil,Librevil',Librevila,Librevilis,Libreville,Librevilo,Librvil,Libvil,Limprebil,Limprvil,Liuravila,lbrwl,lbrywyl,li be rx wil,li bo wei er,libaravila,libarevile,libeuleubil,librevhila,librevili,lipravil,lybrfyl,lybrwwyl,lybrwyl,riburuvu~iru,Î›Î¹Î¼Ï€ÏÎ²Î¯Î»,Î›Î¹Î¼Ï€ÏÎµÎ²Î¯Î»,Ğ“Ğ¾Ñ€Ğ°Ğ´ Ğ›Ñ–Ğ±Ñ€ÑĞ²Ñ–Ğ»ÑŒ,Ğ›Ğ¸Ğ±Ñ€Ğ²Ğ¸Ğ»,Ğ›Ğ¸Ğ±Ñ€ĞµĞ²Ğ¸Ğ»,Ğ›Ğ¸Ğ±Ñ€ĞµĞ²Ğ¸Ğ»ÑŒ,Ğ›Ñ–Ğ±Ñ€ĞµĞ²Ñ–Ğ»ÑŒ,Ô¼Õ«Õ¢Ö€Ö‡Õ«Õ¬,×œ×™×‘×¨×•×•×™×œ,×œ×™×‘×¨×¢×•×•×™×œ,Ù„Ø¨Ø±ÙˆÙ„,Ù„Ø¨Ø±ÛŒÙˆÛŒÙ„,Ù„ÙŠØ¨Ø±ÙÙŠÙ„,Ù„ÛŒØ¨Ø±ÙˆÛŒÙ„,Ù„ÛŒØ¨Ø±ÛÚ¤ÛŒÙ„,à¤²à¤¿à¤¬à¤°à¥‡à¤µà¤¿à¤²à¥‡,à¤²à¤¿à¤¬à¥à¤°à¥‡à¤µà¥à¤¹à¤¿à¤²,à¨²à¨¿à¨¬à¨°à¨µà¨¿à¨²,à®²à®¿à®ªà¯à®°à®µà®¿à®²à¯,à¸¥à¸µà¹€à¸šà¸£à¸­à¸§à¸´à¸¥,à½£à½²à½–à¼‹à½¢à½ºà¼‹à½à½²à½£à¼,áƒšáƒ˜áƒ‘áƒ áƒ”áƒ•áƒ˜áƒšáƒ˜,áˆŠá‰¥áˆ¨á‰ªáˆ,ãƒªãƒ¼ãƒ–ãƒ«ãƒ´ã‚£ãƒ«,åˆ©ä¼¯ç¶­çˆ¾,åˆ©ä¼¯ç»´å°”,ë¦¬ë¸Œë¥´ë¹Œ",0.39241,9.45356,P,PPLC,NA,01,NA,NA,NA,578156,NA,8,Africa,2012-04-25
